[{"model": "auth.user", "pk": 2, "fields": {"password": "pbkdf2_sha256$180000$zoKHhEkHqYpi$nNQeNVKeqrz5vgdqT5jgHiHXVsJN+PBhvDSuoLCCQK0=", "last_login": "2021-02-17T18:31:28.938Z", "is_superuser": true, "username": "juan", "first_name": "", "last_name": "", "email": "", "is_staff": true, "is_active": true, "date_joined": "2021-01-13T22:11:17.441Z", "groups": [], "user_permissions": []}}, {"model": "sessions.session", "pk": "2790acelzm4awkcnjdzw5u580tveesux", "fields": {"session_data": "NGJmNDMxYmRkYmE1YjdiYjI4NTFhYzYzYTRkZDg2YTczM2JmY2FmZDp7Il9hdXRoX3VzZXJfaWQiOiIyIiwiX2F1dGhfdXNlcl9iYWNrZW5kIjoiZGphbmdvLmNvbnRyaWIuYXV0aC5iYWNrZW5kcy5Nb2RlbEJhY2tlbmQiLCJfYXV0aF91c2VyX2hhc2giOiJmM2Y3NjdlMjE0Mzg0NGZmYmU1N2Q0YWMwMWM2YWNmNmJhNzc1YWFhIn0=", "expire_date": "2021-02-09T11:46:29.445Z"}}, {"model": "sessions.session", "pk": "6460bm8xbgsbt4jq0w987xpdjwtccdsb", "fields": {"session_data": "NGJmNDMxYmRkYmE1YjdiYjI4NTFhYzYzYTRkZDg2YTczM2JmY2FmZDp7Il9hdXRoX3VzZXJfaWQiOiIyIiwiX2F1dGhfdXNlcl9iYWNrZW5kIjoiZGphbmdvLmNvbnRyaWIuYXV0aC5iYWNrZW5kcy5Nb2RlbEJhY2tlbmQiLCJfYXV0aF91c2VyX2hhc2giOiJmM2Y3NjdlMjE0Mzg0NGZmYmU1N2Q0YWMwMWM2YWNmNmJhNzc1YWFhIn0=", "expire_date": "2021-02-16T15:20:29.177Z"}}, {"model": "sessions.session", "pk": "70kn7okpznpypnuo8ubmx8bm0cxc10f5", "fields": {"session_data": "NGJmNDMxYmRkYmE1YjdiYjI4NTFhYzYzYTRkZDg2YTczM2JmY2FmZDp7Il9hdXRoX3VzZXJfaWQiOiIyIiwiX2F1dGhfdXNlcl9iYWNrZW5kIjoiZGphbmdvLmNvbnRyaWIuYXV0aC5iYWNrZW5kcy5Nb2RlbEJhY2tlbmQiLCJfYXV0aF91c2VyX2hhc2giOiJmM2Y3NjdlMjE0Mzg0NGZmYmU1N2Q0YWMwMWM2YWNmNmJhNzc1YWFhIn0=", "expire_date": "2021-01-28T20:11:05.295Z"}}, {"model": "sessions.session", "pk": "890onnrp97b53fipjxzdjm5sxvck2qnr", "fields": {"session_data": "NGJmNDMxYmRkYmE1YjdiYjI4NTFhYzYzYTRkZDg2YTczM2JmY2FmZDp7Il9hdXRoX3VzZXJfaWQiOiIyIiwiX2F1dGhfdXNlcl9iYWNrZW5kIjoiZGphbmdvLmNvbnRyaWIuYXV0aC5iYWNrZW5kcy5Nb2RlbEJhY2tlbmQiLCJfYXV0aF91c2VyX2hhc2giOiJmM2Y3NjdlMjE0Mzg0NGZmYmU1N2Q0YWMwMWM2YWNmNmJhNzc1YWFhIn0=", "expire_date": "2021-03-02T18:01:17.817Z"}}, {"model": "sessions.session", "pk": "clxdafokanvc4hyw9dh01bpq4iq1vtiz", "fields": {"session_data": "NGJmNDMxYmRkYmE1YjdiYjI4NTFhYzYzYTRkZDg2YTczM2JmY2FmZDp7Il9hdXRoX3VzZXJfaWQiOiIyIiwiX2F1dGhfdXNlcl9iYWNrZW5kIjoiZGphbmdvLmNvbnRyaWIuYXV0aC5iYWNrZW5kcy5Nb2RlbEJhY2tlbmQiLCJfYXV0aF91c2VyX2hhc2giOiJmM2Y3NjdlMjE0Mzg0NGZmYmU1N2Q0YWMwMWM2YWNmNmJhNzc1YWFhIn0=", "expire_date": "2021-01-28T19:40:25.601Z"}}, {"model": "sessions.session", "pk": "gy0xrrogcwrmvtqjjgu1w6pw2ooj8pbi", "fields": {"session_data": "NGJmNDMxYmRkYmE1YjdiYjI4NTFhYzYzYTRkZDg2YTczM2JmY2FmZDp7Il9hdXRoX3VzZXJfaWQiOiIyIiwiX2F1dGhfdXNlcl9iYWNrZW5kIjoiZGphbmdvLmNvbnRyaWIuYXV0aC5iYWNrZW5kcy5Nb2RlbEJhY2tlbmQiLCJfYXV0aF91c2VyX2hhc2giOiJmM2Y3NjdlMjE0Mzg0NGZmYmU1N2Q0YWMwMWM2YWNmNmJhNzc1YWFhIn0=", "expire_date": "2021-03-03T18:31:28.945Z"}}, {"model": "sessions.session", "pk": "leanisjmrw3pyy9l1l73momcflx8e7j8", "fields": {"session_data": "NGJmNDMxYmRkYmE1YjdiYjI4NTFhYzYzYTRkZDg2YTczM2JmY2FmZDp7Il9hdXRoX3VzZXJfaWQiOiIyIiwiX2F1dGhfdXNlcl9iYWNrZW5kIjoiZGphbmdvLmNvbnRyaWIuYXV0aC5iYWNrZW5kcy5Nb2RlbEJhY2tlbmQiLCJfYXV0aF91c2VyX2hhc2giOiJmM2Y3NjdlMjE0Mzg0NGZmYmU1N2Q0YWMwMWM2YWNmNmJhNzc1YWFhIn0=", "expire_date": "2021-01-27T22:11:30.241Z"}}, {"model": "sessions.session", "pk": "njbk2vcurlnbte8fv3xg27lsyzbk8sxc", "fields": {"session_data": "NGJmNDMxYmRkYmE1YjdiYjI4NTFhYzYzYTRkZDg2YTczM2JmY2FmZDp7Il9hdXRoX3VzZXJfaWQiOiIyIiwiX2F1dGhfdXNlcl9iYWNrZW5kIjoiZGphbmdvLmNvbnRyaWIuYXV0aC5iYWNrZW5kcy5Nb2RlbEJhY2tlbmQiLCJfYXV0aF91c2VyX2hhc2giOiJmM2Y3NjdlMjE0Mzg0NGZmYmU1N2Q0YWMwMWM2YWNmNmJhNzc1YWFhIn0=", "expire_date": "2021-02-02T20:00:54.774Z"}}, {"model": "sessions.session", "pk": "oywm9iiflq79wygkpim7dkupjkuo9evp", "fields": {"session_data": "NGJmNDMxYmRkYmE1YjdiYjI4NTFhYzYzYTRkZDg2YTczM2JmY2FmZDp7Il9hdXRoX3VzZXJfaWQiOiIyIiwiX2F1dGhfdXNlcl9iYWNrZW5kIjoiZGphbmdvLmNvbnRyaWIuYXV0aC5iYWNrZW5kcy5Nb2RlbEJhY2tlbmQiLCJfYXV0aF91c2VyX2hhc2giOiJmM2Y3NjdlMjE0Mzg0NGZmYmU1N2Q0YWMwMWM2YWNmNmJhNzc1YWFhIn0=", "expire_date": "2021-02-01T18:15:14.760Z"}}, {"model": "sessions.session", "pk": "q3nrkoyqmnlesv0wcmao2hlcqok4svbz", "fields": {"session_data": "NGJmNDMxYmRkYmE1YjdiYjI4NTFhYzYzYTRkZDg2YTczM2JmY2FmZDp7Il9hdXRoX3VzZXJfaWQiOiIyIiwiX2F1dGhfdXNlcl9iYWNrZW5kIjoiZGphbmdvLmNvbnRyaWIuYXV0aC5iYWNrZW5kcy5Nb2RlbEJhY2tlbmQiLCJfYXV0aF91c2VyX2hhc2giOiJmM2Y3NjdlMjE0Mzg0NGZmYmU1N2Q0YWMwMWM2YWNmNmJhNzc1YWFhIn0=", "expire_date": "2021-02-24T01:09:24.312Z"}}, {"model": "sessions.session", "pk": "slsjlbk6mupdknbqglzj28xrlepca8fy", "fields": {"session_data": "NGJmNDMxYmRkYmE1YjdiYjI4NTFhYzYzYTRkZDg2YTczM2JmY2FmZDp7Il9hdXRoX3VzZXJfaWQiOiIyIiwiX2F1dGhfdXNlcl9iYWNrZW5kIjoiZGphbmdvLmNvbnRyaWIuYXV0aC5iYWNrZW5kcy5Nb2RlbEJhY2tlbmQiLCJfYXV0aF91c2VyX2hhc2giOiJmM2Y3NjdlMjE0Mzg0NGZmYmU1N2Q0YWMwMWM2YWNmNmJhNzc1YWFhIn0=", "expire_date": "2021-03-02T18:02:21.952Z"}}, {"model": "sessions.session", "pk": "wj3n75a0cc0uk9aogym3f2cyp7zyywaz", "fields": {"session_data": "NGJmNDMxYmRkYmE1YjdiYjI4NTFhYzYzYTRkZDg2YTczM2JmY2FmZDp7Il9hdXRoX3VzZXJfaWQiOiIyIiwiX2F1dGhfdXNlcl9iYWNrZW5kIjoiZGphbmdvLmNvbnRyaWIuYXV0aC5iYWNrZW5kcy5Nb2RlbEJhY2tlbmQiLCJfYXV0aF91c2VyX2hhc2giOiJmM2Y3NjdlMjE0Mzg0NGZmYmU1N2Q0YWMwMWM2YWNmNmJhNzc1YWFhIn0=", "expire_date": "2021-01-27T22:59:16.233Z"}}, {"model": "apptemplate.compras", "pk": 1, "fields": {"total_compra": "1920000", "fecha_compra": "2021-02-05"}}, {"model": "apptemplate.compras", "pk": 2, "fields": {"total_compra": "4139000", "fecha_compra": "2021-02-05"}}, {"model": "apptemplate.compras", "pk": 4, "fields": {"total_compra": "54000", "fecha_compra": "2021-02-09"}}, {"model": "apptemplate.compras", "pk": 5, "fields": {"total_compra": "2490000", "fecha_compra": "2021-02-16"}}, {"model": "apptemplate.detalles_compras", "pk": 1, "fields": {"id_compra": "1", "id_insumo": "3", "cantidad": "24", "precio": "40000", "subtotal": "960000.0"}}, {"model": "apptemplate.detalles_compras", "pk": 2, "fields": {"id_compra": "1", "id_insumo": "5", "cantidad": "24", "precio": "40000", "subtotal": "960000.0"}}, {"model": "apptemplate.detalles_compras", "pk": 3, "fields": {"id_compra": "2", "id_insumo": "5", "cantidad": "24", "precio": "13000", "subtotal": "312000.0"}}, {"model": "apptemplate.detalles_compras", "pk": 4, "fields": {"id_compra": "2", "id_insumo": "5", "cantidad": "89", "precio": "43000", "subtotal": "3827000.0"}}, {"model": "apptemplate.detalles_compras", "pk": 5, "fields": {"id_compra": "4", "id_insumo": "3", "cantidad": "45", "precio": "1200", "subtotal": "54000.0"}}, {"model": "apptemplate.detalles_compras", "pk": 6, "fields": {"id_compra": "5", "id_insumo": "3", "cantidad": "25", "precio": "43000", "subtotal": "1075000.0"}}, {"model": "apptemplate.detalles_compras", "pk": 7, "fields": {"id_compra": "5", "id_insumo": "4", "cantidad": "25", "precio": "56600", "subtotal": "1415000.0"}}, {"model": "apptemplate.insumos_categoria", "pk": 3, "fields": {"Nombre": "Productos varios"}}, {"model": "apptemplate.insumos_categoria", "pk": 4, "fields": {"Nombre": "Plantas Madres"}}, {"model": "apptemplate.insumos", "pk": 3, "fields": {"nombre": "Insecticida", "unidad_de_medida": "uds.", "cantidad": "10", "categoria": 3}}, {"model": "apptemplate.insumos", "pk": 4, "fields": {"nombre": "Vera Higgins", "unidad_de_medida": "uds.", "cantidad": "0", "categoria": 4}}, {"model": "apptemplate.insumos", "pk": 5, "fields": {"nombre": "Abono", "unidad_de_medida": "kg.", "cantidad": "100", "categoria": 3}}, {"model": "apptemplate.insumos", "pk": 6, "fields": {"nombre": "Haworthia Obtusa Stunning", "unidad_de_medida": "uds.", "cantidad": "0", "categoria": 4}}, {"model": "apptemplate.insumos", "pk": 7, "fields": {"nombre": "Arena", "unidad_de_medida": "kg.", "cantidad": "100", "categoria": 3}}, {"model": "apptemplate.categoria_productos", "pk": 3, "fields": {"nombre_categoria": "Tunas nenas"}}, {"model": "apptemplate.categoria_productos", "pk": 4, "fields": {"nombre_categoria": "Suculentas"}}, {"model": "apptemplate.categoria_productos", "pk": 5, "fields": {"nombre_categoria": "Plantas Ornamentales"}}, {"model": "apptemplate.nombre_productos", "pk": 6, "fields": {"nombre_productos": "Tuna Azul", "categoria": 3}}, {"model": "apptemplate.nombre_productos", "pk": 7, "fields": {"nombre_productos": "suculenta nena", "categoria": 4}}, {"model": "apptemplate.nombre_productos", "pk": 8, "fields": {"nombre_productos": "tuna verde", "categoria": 3}}, {"model": "apptemplate.nombre_productos", "pk": 9, "fields": {"nombre_productos": "nose crajo", "categoria": 4}}, {"model": "apptemplate.nombre_productos", "pk": 13, "fields": {"nombre_productos": "tulipanes del senior", "categoria": 5}}, {"model": "apptemplate.nombre_productos", "pk": 14, "fields": {"nombre_productos": "jirazol que gira", "categoria": 5}}, {"model": "apptemplate.nombre_productos", "pk": 15, "fields": {"nombre_productos": "rosas risuenas del salon de belleza de mi abuela muerta", "categoria": 5}}, {"model": "apptemplate.nombre_productos", "pk": 16, "fields": {"nombre_productos": "noseeeee", "categoria": 3}}, {"model": "apptemplate.productos", "pk": 14, "fields": {"id_nombre_producto": 16, "descripcion_producto": "holaaaa", "cantidad_stock": "12", "imagen": "IMG_20210209_202512_vpFETYM.jpg", "precio": "1200"}}, {"model": "apptemplate.productos", "pk": 15, "fields": {"id_nombre_producto": 7, "descripcion_producto": "jejejeje", "cantidad_stock": "10", "imagen": "580b57fcd9996e24bc43c521.png", "precio": "3400"}}, {"model": "apptemplate.produccion", "pk": 40, "fields": {"fecha_produccion": "2021-02-16", "estado_produccion": "Terminado", "fecha_acabado": "2021-02-16"}}, {"model": "apptemplate.produccion", "pk": 41, "fields": {"fecha_produccion": "2021-02-16", "estado_produccion": "En Proceso", "fecha_acabado": null}}, {"model": "apptemplate.produccion", "pk": 42, "fields": {"fecha_produccion": "2021-02-16", "estado_produccion": "Terminado", "fecha_acabado": "2021-03-13"}}, {"model": "apptemplate.detalles_produccion", "pk": 101, "fields": {"id_produccion": 40, "id_producto": 15, "cantidad_detalle": "45", "cantidad_real_detalle": "43"}}, {"model": "apptemplate.detalles_produccion", "pk": 105, "fields": {"id_produccion": 41, "id_producto": 14, "cantidad_detalle": "45", "cantidad_real_detalle": null}}, {"model": "apptemplate.detalles_produccion", "pk": 106, "fields": {"id_produccion": 41, "id_producto": 15, "cantidad_detalle": "23", "cantidad_real_detalle": null}}, {"model": "apptemplate.detalles_produccion", "pk": 107, "fields": {"id_produccion": 41, "id_producto": 14, "cantidad_detalle": "12", "cantidad_real_detalle": null}}, {"model": "apptemplate.detalles_produccion", "pk": 108, "fields": {"id_produccion": 42, "id_producto": 14, "cantidad_detalle": "12", "cantidad_real_detalle": "7"}}, {"model": "apptemplate.detalles_produccion", "pk": 109, "fields": {"id_produccion": 42, "id_producto": 15, "cantidad_detalle": "12", "cantidad_real_detalle": "7"}}, {"model": "apptemplate.detalles_insumos", "pk": 69, "fields": {"Cantidad": "1", "id_insumos": 4, "id_produccion": 40}}, {"model": "apptemplate.detalles_insumos", "pk": 75, "fields": {"Cantidad": "1", "id_insumos": 4, "id_produccion": 41}}, {"model": "apptemplate.detalles_insumos", "pk": 76, "fields": {"Cantidad": "10", "id_insumos": 3, "id_produccion": 41}}, {"model": "apptemplate.detalles_insumos", "pk": 77, "fields": {"Cantidad": "1", "id_insumos": 4, "id_produccion": 41}}, {"model": "apptemplate.detalles_insumos", "pk": 79, "fields": {"Cantidad": "10", "id_insumos": 7, "id_produccion": 42}}, {"model": "apptemplate.detalles_insumos", "pk": 80, "fields": {"Cantidad": "4", "id_insumos": 3, "id_produccion": 42}}, {"model": "apptemplate.clientes", "pk": 1, "fields": {"nombre_cliente": "Jos\u00e9 Gonzales Junior", "direccion": "Avd. Siempre Viva", "telefono": "0975142365"}}, {"model": "apptemplate.clientes", "pk": 2, "fields": {"nombre_cliente": "Alvaro Basilicio Rodriguez Llano", "direccion": "Eleuterio Cabrera C/ Juan Oleari", "telefono": "0973572212"}}, {"model": "apptemplate.clientes", "pk": 3, "fields": {"nombre_cliente": "C\u00e9sar Basilicio Rodriguez Llano", "direccion": "Eleuterio Cabrera C /Juan Oleari", "telefono": "0972104371"}}, {"model": "apptemplate.clientes", "pk": 4, "fields": {"nombre_cliente": "Laura Diana Rodriguez Llano", "direccion": "Eleuterio Cabrera C/ Juan Oleari ", "telefono": "0975 151933"}}, {"model": "apptemplate.clientes", "pk": 5, "fields": {"nombre_cliente": "Juan Jes\u00fas Cubells", "direccion": "Casimiro Guitierrez 244", "telefono": "0976 147913"}}, {"model": "apptemplate.ventas", "pk": 1, "fields": {"fecha_venta": "2021-02-16"}}, {"model": "apptemplate.ventas", "pk": 2, "fields": {"fecha_venta": "2021-02-27"}}, {"model": "apptemplate.ventas", "pk": 3, "fields": {"fecha_venta": "2021-02-16"}}, {"model": "apptemplate.ventas", "pk": 4, "fields": {"fecha_venta": "2021-02-16"}}, {"model": "apptemplate.ventas", "pk": 5, "fields": {"fecha_venta": "2021-02-16"}}, {"model": "apptemplate.ventas", "pk": 6, "fields": {"fecha_venta": "2021-02-16"}}, {"model": "apptemplate.ventas", "pk": 7, "fields": {"fecha_venta": "2021-02-16"}}, {"model": "apptemplate.ventas", "pk": 8, "fields": {"fecha_venta": "2021-02-16"}}, {"model": "apptemplate.ventas", "pk": 9, "fields": {"fecha_venta": "2021-02-16"}}, {"model": "apptemplate.ventas", "pk": 10, "fields": {"fecha_venta": "2021-02-16"}}, {"model": "apptemplate.ventas", "pk": 11, "fields": {"fecha_venta": "2021-02-16"}}, {"model": "apptemplate.ventas", "pk": 12, "fields": {"fecha_venta": "2021-02-16"}}, {"model": "apptemplate.ventas", "pk": 13, "fields": {"fecha_venta": "2021-02-16"}}, {"model": "apptemplate.ventas", "pk": 14, "fields": {"fecha_venta": "2021-02-16"}}, {"model": "apptemplate.ventas", "pk": 15, "fields": {"fecha_venta": "2021-02-16"}}, {"model": "apptemplate.ventas", "pk": 16, "fields": {"fecha_venta": "2021-02-16"}}, {"model": "apptemplate.ventas", "pk": 17, "fields": {"fecha_venta": "2021-02-16"}}, {"model": "apptemplate.ventas", "pk": 18, "fields": {"fecha_venta": "2021-02-05"}}, {"model": "apptemplate.ventas", "pk": 19, "fields": {"fecha_venta": "2021-02-05"}}, {"model": "apptemplate.ventas", "pk": 20, "fields": {"fecha_venta": "2021-02-05"}}, {"model": "apptemplate.ventas", "pk": 21, "fields": {"fecha_venta": "2021-03-11"}}, {"model": "apptemplate.ventas", "pk": 22, "fields": {"fecha_venta": "2021-02-20"}}, {"model": "apptemplate.ventas", "pk": 23, "fields": {"fecha_venta": "2021-02-20"}}, {"model": "apptemplate.ventas", "pk": 24, "fields": {"fecha_venta": "2021-03-03"}}, {"model": "apptemplate.ventas", "pk": 25, "fields": {"fecha_venta": "2021-03-17"}}, {"model": "apptemplate.pedidos", "pk": 16, "fields": {"id_cliente": 1, "id_ventas": 16, "estado_pedido": "Terminado", "fecha_pedido": "2021-02-16", "precio_total": "40800"}}, {"model": "apptemplate.pedidos", "pk": 17, "fields": {"id_cliente": 2, "id_ventas": 17, "estado_pedido": "Terminado", "fecha_pedido": "2021-02-16", "precio_total": "44200"}}, {"model": "apptemplate.pedidos", "pk": 18, "fields": {"id_cliente": 1, "id_ventas": 20, "estado_pedido": "Terminado", "fecha_pedido": "2021-02-16", "precio_total": "156400"}}, {"model": "apptemplate.pedidos", "pk": 19, "fields": {"id_cliente": 2, "id_ventas": 21, "estado_pedido": "Terminado", "fecha_pedido": "2021-02-27", "precio_total": "78600"}}, {"model": "apptemplate.pedidos", "pk": 21, "fields": {"id_cliente": 2, "id_ventas": 24, "estado_pedido": "Terminado", "fecha_pedido": "2021-02-16", "precio_total": "15000"}}, {"model": "apptemplate.pedidos", "pk": 22, "fields": {"id_cliente": 1, "id_ventas": 25, "estado_pedido": "Terminado", "fecha_pedido": "2021-02-16", "precio_total": "32000"}}, {"model": "apptemplate.pedidos", "pk": 23, "fields": {"id_cliente": 3, "id_ventas": null, "estado_pedido": "En Proceso", "fecha_pedido": "2021-02-16", "precio_total": "2400"}}, {"model": "apptemplate.pedidos", "pk": 24, "fields": {"id_cliente": 1, "id_ventas": null, "estado_pedido": "En Proceso", "fecha_pedido": "2021-02-16", "precio_total": "18400"}}, {"model": "apptemplate.detalles_pedidos", "pk": 32, "fields": {"id_producto": 15, "id_pedido": 16, "cantidad": "12", "subtotal_producto": "40800", "precio": "3400"}}, {"model": "apptemplate.detalles_pedidos", "pk": 33, "fields": {"id_producto": 15, "id_pedido": 17, "cantidad": "13", "subtotal_producto": "44200", "precio": "3400"}}, {"model": "apptemplate.detalles_pedidos", "pk": 34, "fields": {"id_producto": 15, "id_pedido": 18, "cantidad": "12", "subtotal_producto": "40800", "precio": "3400"}}, {"model": "apptemplate.detalles_pedidos", "pk": 35, "fields": {"id_producto": 15, "id_pedido": 18, "cantidad": "34", "subtotal_producto": "115600", "precio": "3400"}}, {"model": "apptemplate.detalles_pedidos", "pk": 36, "fields": {"id_producto": 15, "id_pedido": 19, "cantidad": "8", "subtotal_producto": "27200", "precio": "3400"}}, {"model": "apptemplate.detalles_pedidos", "pk": 37, "fields": {"id_producto": 15, "id_pedido": 19, "cantidad": "1", "subtotal_producto": "3400", "precio": "3400"}}, {"model": "apptemplate.detalles_pedidos", "pk": 38, "fields": {"id_producto": 14, "id_pedido": 19, "cantidad": "40", "subtotal_producto": "48000", "precio": "1200"}}, {"model": "apptemplate.detalles_pedidos", "pk": 41, "fields": {"id_producto": 14, "id_pedido": 21, "cantidad": "4", "subtotal_producto": "4800", "precio": "1200"}}, {"model": "apptemplate.detalles_pedidos", "pk": 42, "fields": {"id_producto": 15, "id_pedido": 21, "cantidad": "3", "subtotal_producto": "10200", "precio": "3400"}}, {"model": "apptemplate.detalles_pedidos", "pk": 43, "fields": {"id_producto": 14, "id_pedido": 22, "cantidad": "4", "subtotal_producto": "4800", "precio": "1200"}}, {"model": "apptemplate.detalles_pedidos", "pk": 44, "fields": {"id_producto": 15, "id_pedido": 22, "cantidad": "5", "subtotal_producto": "17000", "precio": "3400"}}, {"model": "apptemplate.detalles_pedidos", "pk": 45, "fields": {"id_producto": 15, "id_pedido": 22, "cantidad": "3", "subtotal_producto": "10200", "precio": "3400"}}, {"model": "apptemplate.detalles_pedidos", "pk": 48, "fields": {"id_producto": 14, "id_pedido": 23, "cantidad": "2", "subtotal_producto": "2400", "precio": "1200"}}, {"model": "apptemplate.detalles_pedidos", "pk": 49, "fields": {"id_producto": 15, "id_pedido": 24, "cantidad": "4", "subtotal_producto": "13600", "precio": "3400"}}, {"model": "apptemplate.detalles_pedidos", "pk": 50, "fields": {"id_producto": 14, "id_pedido": 24, "cantidad": "4", "subtotal_producto": "4800", "precio": "1200"}}, {"model": "apptemplate.back_up", "pk": 1, "fields": {"nombre_back_up": "2021-02-18 08:08:26", "nombre_archivo": "2021_02_18_08_08_26"}}, {"model": "apptemplate.back_up", "pk": 2, "fields": {"nombre_back_up": "2021-02-18 08:23:16", "nombre_archivo": "2021_02_18_08_23_16"}}, {"model": "apptemplate.back_up", "pk": 3, "fields": {"nombre_back_up": "2021-02-18 08:27:18", "nombre_archivo": "2021_02_18_08_27_18"}}, {"model": "admin.logentry", "pk": 22, "fields": {"action_time": "2021-01-13T22:11:48.754Z", "user": 2, "content_type": 31, "object_id": "3", "object_repr": "Tunas nenas", "action_flag": 1, "change_message": "[{\"added\": {}}]"}}, {"model": "admin.logentry", "pk": 23, "fields": {"action_time": "2021-01-13T22:11:52.768Z", "user": 2, "content_type": 31, "object_id": "4", "object_repr": "suculentas", "action_flag": 1, "change_message": "[{\"added\": {}}]"}}, {"model": "admin.logentry", "pk": 24, "fields": {"action_time": "2021-01-13T22:12:12.544Z", "user": 2, "content_type": 32, "object_id": "6", "object_repr": "Tuna Azul", "action_flag": 1, "change_message": "[{\"added\": {}}]"}}, {"model": "admin.logentry", "pk": 25, "fields": {"action_time": "2021-01-13T22:12:17.576Z", "user": 2, "content_type": 32, "object_id": "7", "object_repr": "suculenta nena", "action_flag": 1, "change_message": "[{\"added\": {}}]"}}, {"model": "admin.logentry", "pk": 26, "fields": {"action_time": "2021-01-13T22:12:28.339Z", "user": 2, "content_type": 32, "object_id": "8", "object_repr": "tuna verde", "action_flag": 1, "change_message": "[{\"added\": {}}]"}}, {"model": "admin.logentry", "pk": 27, "fields": {"action_time": "2021-01-13T22:12:36.134Z", "user": 2, "content_type": 32, "object_id": "9", "object_repr": "nose crajo", "action_flag": 1, "change_message": "[{\"added\": {}}]"}}, {"model": "admin.logentry", "pk": 28, "fields": {"action_time": "2021-01-14T20:14:34.918Z", "user": 2, "content_type": 33, "object_id": "3", "object_repr": "Tuna Azul-45", "action_flag": 1, "change_message": "[{\"added\": {}}]"}}, {"model": "admin.logentry", "pk": 29, "fields": {"action_time": "2021-01-14T20:14:58.956Z", "user": 2, "content_type": 35, "object_id": "14", "object_repr": "Tuna Azul", "action_flag": 1, "change_message": "[{\"added\": {}}]"}}, {"model": "admin.logentry", "pk": 30, "fields": {"action_time": "2021-01-14T20:15:16.452Z", "user": 2, "content_type": 34, "object_id": "2", "object_repr": "12-12-12 - 12-12-45 - pendiente", "action_flag": 1, "change_message": "[{\"added\": {}}]"}}, {"model": "admin.logentry", "pk": 31, "fields": {"action_time": "2021-01-14T20:18:01.034Z", "user": 2, "content_type": 33, "object_id": "4", "object_repr": "suculenta nena-45", "action_flag": 1, "change_message": "[{\"added\": {}}]"}}, {"model": "admin.logentry", "pk": 32, "fields": {"action_time": "2021-01-14T20:18:12.941Z", "user": 2, "content_type": 33, "object_id": "5", "object_repr": "nose crajo-45", "action_flag": 1, "change_message": "[{\"added\": {}}]"}}, {"model": "admin.logentry", "pk": 33, "fields": {"action_time": "2021-01-19T20:51:51.931Z", "user": 2, "content_type": 31, "object_id": "5", "object_repr": "Plantas Ornamentales", "action_flag": 1, "change_message": "[{\"added\": {}}]"}}, {"model": "admin.logentry", "pk": 34, "fields": {"action_time": "2021-01-19T20:51:59.839Z", "user": 2, "content_type": 31, "object_id": "4", "object_repr": "Suculentas", "action_flag": 2, "change_message": "[{\"changed\": {\"fields\": [\"Nombre categoria\"]}}]"}}, {"model": "admin.logentry", "pk": 35, "fields": {"action_time": "2021-01-25T21:09:40.253Z", "user": 2, "content_type": 29, "object_id": "3", "object_repr": "Productos varios", "action_flag": 1, "change_message": "[{\"added\": {}}]"}}, {"model": "admin.logentry", "pk": 36, "fields": {"action_time": "2021-01-25T21:09:56.720Z", "user": 2, "content_type": 29, "object_id": "4", "object_repr": "Plantas Madres", "action_flag": 1, "change_message": "[{\"added\": {}}]"}}, {"model": "admin.logentry", "pk": 37, "fields": {"action_time": "2021-01-25T21:15:56.104Z", "user": 2, "content_type": 30, "object_id": "3", "object_repr": "detalles Insecticida", "action_flag": 1, "change_message": "[{\"added\": {}}]"}}, {"model": "admin.logentry", "pk": 38, "fields": {"action_time": "2021-01-25T21:16:57.317Z", "user": 2, "content_type": 30, "object_id": "4", "object_repr": "detalles tunas rosadas", "action_flag": 1, "change_message": "[{\"added\": {}}]"}}, {"model": "admin.logentry", "pk": 39, "fields": {"action_time": "2021-01-26T12:03:48.969Z", "user": 2, "content_type": 33, "object_id": "6", "object_repr": "None-None", "action_flag": 3, "change_message": ""}}, {"model": "admin.logentry", "pk": 40, "fields": {"action_time": "2021-02-01T23:37:20.549Z", "user": 2, "content_type": 34, "object_id": "3", "object_repr": "2021-02-01 - None - None", "action_flag": 3, "change_message": ""}}, {"model": "admin.logentry", "pk": 41, "fields": {"action_time": "2021-02-01T23:37:20.555Z", "user": 2, "content_type": 34, "object_id": "2", "object_repr": "12-12-12 - 12-12-45 - pendiente", "action_flag": 3, "change_message": ""}}, {"model": "admin.logentry", "pk": 42, "fields": {"action_time": "2021-02-02T14:55:49.491Z", "user": 2, "content_type": 34, "object_id": "8", "object_repr": "fecha - None - En Proceso", "action_flag": 3, "change_message": ""}}, {"model": "admin.logentry", "pk": 43, "fields": {"action_time": "2021-02-02T14:55:49.499Z", "user": 2, "content_type": 34, "object_id": "7", "object_repr": "fecha - None - En Proceso", "action_flag": 3, "change_message": ""}}, {"model": "admin.logentry", "pk": 44, "fields": {"action_time": "2021-02-02T14:55:49.506Z", "user": 2, "content_type": 34, "object_id": "6", "object_repr": "2021-02-02 - None - En Proceso", "action_flag": 3, "change_message": ""}}, {"model": "admin.logentry", "pk": 45, "fields": {"action_time": "2021-02-02T14:55:49.514Z", "user": 2, "content_type": 34, "object_id": "5", "object_repr": "2021-02-02 - None - None", "action_flag": 3, "change_message": ""}}, {"model": "admin.logentry", "pk": 46, "fields": {"action_time": "2021-02-02T14:55:49.521Z", "user": 2, "content_type": 34, "object_id": "4", "object_repr": "2021-02-02 - None - None", "action_flag": 3, "change_message": ""}}, {"model": "admin.logentry", "pk": 47, "fields": {"action_time": "2021-02-02T14:58:30.218Z", "user": 2, "content_type": 34, "object_id": "9", "object_repr": "2021-02-02 - None - En Proceso", "action_flag": 3, "change_message": ""}}, {"model": "admin.logentry", "pk": 48, "fields": {"action_time": "2021-02-02T15:31:57.161Z", "user": 2, "content_type": 36, "object_id": "23", "object_repr": "23-Insecticida", "action_flag": 3, "change_message": ""}}, {"model": "admin.logentry", "pk": 49, "fields": {"action_time": "2021-02-02T15:31:57.169Z", "user": 2, "content_type": 36, "object_id": "20", "object_repr": "34-tunas rosadas", "action_flag": 3, "change_message": ""}}, {"model": "admin.logentry", "pk": 50, "fields": {"action_time": "2021-02-02T15:32:08.845Z", "user": 2, "content_type": 35, "object_id": "53", "object_repr": "Tuna Azul", "action_flag": 3, "change_message": ""}}, {"model": "admin.logentry", "pk": 51, "fields": {"action_time": "2021-02-02T15:32:08.851Z", "user": 2, "content_type": 35, "object_id": "50", "object_repr": "Tuna Azul", "action_flag": 3, "change_message": ""}}, {"model": "admin.logentry", "pk": 52, "fields": {"action_time": "2021-02-02T15:32:19.684Z", "user": 2, "content_type": 34, "object_id": "12", "object_repr": "2021-02-02 - None - En Proceso", "action_flag": 3, "change_message": ""}}, {"model": "admin.logentry", "pk": 53, "fields": {"action_time": "2021-02-02T15:32:19.691Z", "user": 2, "content_type": 34, "object_id": "11", "object_repr": "2021-02-02 - None - En Proceso", "action_flag": 3, "change_message": ""}}, {"model": "admin.logentry", "pk": 54, "fields": {"action_time": "2021-02-02T15:32:19.699Z", "user": 2, "content_type": 34, "object_id": "10", "object_repr": "2021-02-02 - None - En Proceso", "action_flag": 3, "change_message": ""}}, {"model": "admin.logentry", "pk": 55, "fields": {"action_time": "2021-02-02T19:16:22.217Z", "user": 2, "content_type": 34, "object_id": "14", "object_repr": "2021-02-02 - None - En Proceso", "action_flag": 3, "change_message": ""}}, {"model": "admin.logentry", "pk": 56, "fields": {"action_time": "2021-02-02T19:16:22.228Z", "user": 2, "content_type": 34, "object_id": "13", "object_repr": "2021-02-02 - None - En Proceso", "action_flag": 3, "change_message": ""}}, {"model": "admin.logentry", "pk": 57, "fields": {"action_time": "2021-02-02T21:53:10.484Z", "user": 2, "content_type": 34, "object_id": "16", "object_repr": "2021-02-04 - None - En Proceso", "action_flag": 3, "change_message": ""}}, {"model": "admin.logentry", "pk": 58, "fields": {"action_time": "2021-02-02T21:53:10.495Z", "user": 2, "content_type": 34, "object_id": "15", "object_repr": "2021-02-02 - None - En Proceso", "action_flag": 3, "change_message": ""}}, {"model": "admin.logentry", "pk": 59, "fields": {"action_time": "2021-02-02T22:24:55.958Z", "user": 2, "content_type": 34, "object_id": "20", "object_repr": "2021-02-17 - None - En Proceso", "action_flag": 3, "change_message": ""}}, {"model": "admin.logentry", "pk": 60, "fields": {"action_time": "2021-02-02T22:24:55.965Z", "user": 2, "content_type": 34, "object_id": "19", "object_repr": "2021-02-02 - None - En Proceso", "action_flag": 3, "change_message": ""}}, {"model": "admin.logentry", "pk": 61, "fields": {"action_time": "2021-02-02T22:24:55.972Z", "user": 2, "content_type": 34, "object_id": "18", "object_repr": "2021-02-02 - None - En Proceso", "action_flag": 3, "change_message": ""}}, {"model": "admin.logentry", "pk": 62, "fields": {"action_time": "2021-02-02T22:24:55.980Z", "user": 2, "content_type": 34, "object_id": "17", "object_repr": "2021-02-02 - None - En Proceso", "action_flag": 3, "change_message": ""}}, {"model": "admin.logentry", "pk": 63, "fields": {"action_time": "2021-02-04T23:43:59.577Z", "user": 2, "content_type": 35, "object_id": "66", "object_repr": "Tuna Azul", "action_flag": 2, "change_message": "[{\"changed\": {\"fields\": [\"Cantidad real detalle\"]}}]"}}, {"model": "admin.logentry", "pk": 64, "fields": {"action_time": "2021-02-12T20:33:25.391Z", "user": 2, "content_type": 34, "object_id": "33", "object_repr": "2021-04-13 - None - En Proceso", "action_flag": 3, "change_message": ""}}, {"model": "admin.logentry", "pk": 65, "fields": {"action_time": "2021-02-12T20:33:25.397Z", "user": 2, "content_type": 34, "object_id": "32", "object_repr": "2021-02-27 - None - En Proceso", "action_flag": 3, "change_message": ""}}, {"model": "admin.logentry", "pk": 66, "fields": {"action_time": "2021-02-12T20:33:25.403Z", "user": 2, "content_type": 34, "object_id": "31", "object_repr": "2021-02-12 - None - Terminado", "action_flag": 3, "change_message": ""}}, {"model": "admin.logentry", "pk": 67, "fields": {"action_time": "2021-02-12T20:33:25.418Z", "user": 2, "content_type": 34, "object_id": "30", "object_repr": "2021-02-05 - None - Terminado", "action_flag": 3, "change_message": ""}}, {"model": "admin.logentry", "pk": 68, "fields": {"action_time": "2021-02-12T20:33:25.423Z", "user": 2, "content_type": 34, "object_id": "29", "object_repr": "2021-02-05 - None - Terminado", "action_flag": 3, "change_message": ""}}, {"model": "admin.logentry", "pk": 69, "fields": {"action_time": "2021-02-12T20:33:25.438Z", "user": 2, "content_type": 34, "object_id": "28", "object_repr": "2021-02-05 - None - Terminado", "action_flag": 3, "change_message": ""}}, {"model": "admin.logentry", "pk": 70, "fields": {"action_time": "2021-02-12T20:33:25.457Z", "user": 2, "content_type": 34, "object_id": "27", "object_repr": "2021-02-05 - None - Terminado", "action_flag": 3, "change_message": ""}}, {"model": "admin.logentry", "pk": 71, "fields": {"action_time": "2021-02-12T20:33:25.471Z", "user": 2, "content_type": 34, "object_id": "26", "object_repr": "2021-02-05 - None - Terminado", "action_flag": 3, "change_message": ""}}, {"model": "admin.logentry", "pk": 72, "fields": {"action_time": "2021-02-12T20:33:25.489Z", "user": 2, "content_type": 34, "object_id": "25", "object_repr": "2021-02-04 - None - Terminado", "action_flag": 3, "change_message": ""}}, {"model": "admin.logentry", "pk": 73, "fields": {"action_time": "2021-02-12T20:33:25.503Z", "user": 2, "content_type": 34, "object_id": "24", "object_repr": "2021-02-27 - None - Terminado", "action_flag": 3, "change_message": ""}}, {"model": "admin.logentry", "pk": 74, "fields": {"action_time": "2021-02-12T20:33:25.509Z", "user": 2, "content_type": 34, "object_id": "23", "object_repr": "2021-02-20 - None - Terminado", "action_flag": 3, "change_message": ""}}, {"model": "admin.logentry", "pk": 75, "fields": {"action_time": "2021-02-12T20:33:25.525Z", "user": 2, "content_type": 34, "object_id": "22", "object_repr": "2021-02-22 - None - Terminado", "action_flag": 3, "change_message": ""}}, {"model": "admin.logentry", "pk": 76, "fields": {"action_time": "2021-02-12T20:33:25.537Z", "user": 2, "content_type": 34, "object_id": "21", "object_repr": "2021-02-02 - None - Terminado", "action_flag": 3, "change_message": ""}}, {"model": "admin.logentry", "pk": 77, "fields": {"action_time": "2021-02-12T20:43:23.788Z", "user": 2, "content_type": 38, "object_id": "1", "object_repr": "detalles 1", "action_flag": 3, "change_message": ""}}, {"model": "admin.logentry", "pk": 78, "fields": {"action_time": "2021-02-13T15:15:15.442Z", "user": 2, "content_type": 34, "object_id": "36", "object_repr": "2020-10-06 - None - Terminado", "action_flag": 3, "change_message": ""}}, {"model": "admin.logentry", "pk": 79, "fields": {"action_time": "2021-02-13T15:15:15.463Z", "user": 2, "content_type": 34, "object_id": "35", "object_repr": "2021-06-08 - None - Terminado", "action_flag": 3, "change_message": ""}}, {"model": "admin.logentry", "pk": 80, "fields": {"action_time": "2021-02-13T15:15:15.474Z", "user": 2, "content_type": 34, "object_id": "34", "object_repr": "2021-02-12 - None - Terminado", "action_flag": 3, "change_message": ""}}, {"model": "admin.logentry", "pk": 81, "fields": {"action_time": "2021-02-15T22:41:48.304Z", "user": 2, "content_type": 38, "object_id": "5", "object_repr": "detalles 5", "action_flag": 3, "change_message": ""}}, {"model": "admin.logentry", "pk": 82, "fields": {"action_time": "2021-02-16T12:58:01.655Z", "user": 2, "content_type": 38, "object_id": "10", "object_repr": "detalles 10", "action_flag": 3, "change_message": ""}}, {"model": "admin.logentry", "pk": 83, "fields": {"action_time": "2021-02-16T12:58:01.667Z", "user": 2, "content_type": 38, "object_id": "9", "object_repr": "detalles 9", "action_flag": 3, "change_message": ""}}, {"model": "admin.logentry", "pk": 84, "fields": {"action_time": "2021-02-16T12:58:01.677Z", "user": 2, "content_type": 38, "object_id": "8", "object_repr": "detalles 8", "action_flag": 3, "change_message": ""}}, {"model": "admin.logentry", "pk": 85, "fields": {"action_time": "2021-02-16T12:58:01.689Z", "user": 2, "content_type": 38, "object_id": "7", "object_repr": "detalles 7", "action_flag": 3, "change_message": ""}}, {"model": "admin.logentry", "pk": 86, "fields": {"action_time": "2021-02-16T12:58:01.698Z", "user": 2, "content_type": 38, "object_id": "6", "object_repr": "detalles 6", "action_flag": 3, "change_message": ""}}, {"model": "admin.logentry", "pk": 87, "fields": {"action_time": "2021-02-16T12:58:01.709Z", "user": 2, "content_type": 38, "object_id": "4", "object_repr": "detalles 4", "action_flag": 3, "change_message": ""}}, {"model": "admin.logentry", "pk": 88, "fields": {"action_time": "2021-02-16T12:58:01.719Z", "user": 2, "content_type": 38, "object_id": "3", "object_repr": "detalles 3", "action_flag": 3, "change_message": ""}}, {"model": "admin.logentry", "pk": 89, "fields": {"action_time": "2021-02-16T12:58:01.728Z", "user": 2, "content_type": 38, "object_id": "2", "object_repr": "detalles 2", "action_flag": 3, "change_message": ""}}, {"model": "admin.logentry", "pk": 90, "fields": {"action_time": "2021-02-16T13:44:22.957Z", "user": 2, "content_type": 33, "object_id": "10", "object_repr": "10-None", "action_flag": 3, "change_message": ""}}, {"model": "admin.logentry", "pk": 91, "fields": {"action_time": "2021-02-16T13:46:38.541Z", "user": 2, "content_type": 33, "object_id": "12", "object_repr": "12-nose crajo", "action_flag": 3, "change_message": ""}}, {"model": "admin.logentry", "pk": 92, "fields": {"action_time": "2021-02-16T13:46:38.551Z", "user": 2, "content_type": 33, "object_id": "11", "object_repr": "11-nose crajo", "action_flag": 3, "change_message": ""}}, {"model": "admin.logentry", "pk": 93, "fields": {"action_time": "2021-02-16T13:46:38.560Z", "user": 2, "content_type": 33, "object_id": "9", "object_repr": "9-noseeeee", "action_flag": 3, "change_message": ""}}, {"model": "admin.logentry", "pk": 94, "fields": {"action_time": "2021-02-16T13:46:38.570Z", "user": 2, "content_type": 33, "object_id": "8", "object_repr": "8-tulipanes del senior", "action_flag": 3, "change_message": ""}}, {"model": "admin.logentry", "pk": 95, "fields": {"action_time": "2021-02-16T13:46:38.579Z", "user": 2, "content_type": 33, "object_id": "7", "object_repr": "7-rosas risuenas del salon de belleza de mi abuela muerta", "action_flag": 3, "change_message": ""}}, {"model": "admin.logentry", "pk": 96, "fields": {"action_time": "2021-02-16T13:46:38.588Z", "user": 2, "content_type": 33, "object_id": "5", "object_repr": "5-nose crajo", "action_flag": 3, "change_message": ""}}, {"model": "admin.logentry", "pk": 97, "fields": {"action_time": "2021-02-16T13:46:38.597Z", "user": 2, "content_type": 33, "object_id": "4", "object_repr": "4-suculenta nena", "action_flag": 3, "change_message": ""}}, {"model": "admin.logentry", "pk": 98, "fields": {"action_time": "2021-02-16T13:46:38.606Z", "user": 2, "content_type": 33, "object_id": "3", "object_repr": "3-Tuna Azul", "action_flag": 3, "change_message": ""}}, {"model": "admin.logentry", "pk": 99, "fields": {"action_time": "2021-02-16T13:46:43.603Z", "user": 2, "content_type": 33, "object_id": "13", "object_repr": "13-nose crajo", "action_flag": 3, "change_message": ""}}, {"model": "admin.logentry", "pk": 100, "fields": {"action_time": "2021-02-16T13:47:08.844Z", "user": 2, "content_type": 34, "object_id": "39", "object_repr": "2021-02-27 - 2021-02-27 - Terminado", "action_flag": 3, "change_message": ""}}, {"model": "admin.logentry", "pk": 101, "fields": {"action_time": "2021-02-16T13:47:08.856Z", "user": 2, "content_type": 34, "object_id": "38", "object_repr": "2021-02-16 - 2021-02-16 - Terminado", "action_flag": 3, "change_message": ""}}, {"model": "admin.logentry", "pk": 102, "fields": {"action_time": "2021-02-16T13:47:08.865Z", "user": 2, "content_type": 34, "object_id": "37", "object_repr": "2021-02-13 - 2021-07-19 - Terminado", "action_flag": 3, "change_message": ""}}, {"model": "admin.logentry", "pk": 103, "fields": {"action_time": "2021-02-16T13:47:37.587Z", "user": 2, "content_type": 38, "object_id": "12", "object_repr": "detalles 12", "action_flag": 3, "change_message": ""}}, {"model": "admin.logentry", "pk": 104, "fields": {"action_time": "2021-02-16T13:47:37.598Z", "user": 2, "content_type": 38, "object_id": "11", "object_repr": "detalles 11", "action_flag": 3, "change_message": ""}}, {"model": "admin.logentry", "pk": 105, "fields": {"action_time": "2021-02-16T14:19:19.987Z", "user": 2, "content_type": 38, "object_id": "15", "object_repr": "detalles 15", "action_flag": 3, "change_message": ""}}, {"model": "admin.logentry", "pk": 106, "fields": {"action_time": "2021-02-16T14:19:19.998Z", "user": 2, "content_type": 38, "object_id": "14", "object_repr": "detalles 14", "action_flag": 3, "change_message": ""}}, {"model": "admin.logentry", "pk": 107, "fields": {"action_time": "2021-02-16T14:19:20.008Z", "user": 2, "content_type": 38, "object_id": "13", "object_repr": "detalles 13", "action_flag": 3, "change_message": ""}}, {"model": "admin.logentry", "pk": 108, "fields": {"action_time": "2021-02-16T14:21:23.750Z", "user": 2, "content_type": 27, "object_id": "3", "object_repr": "compra ", "action_flag": 3, "change_message": ""}}]