[{"model": "auth.user", "pk": 2, "fields": {"password": "pbkdf2_sha256$180000$zoKHhEkHqYpi$nNQeNVKeqrz5vgdqT5jgHiHXVsJN+PBhvDSuoLCCQK0=", "last_login": "2021-02-19T22:14:23.408Z", "is_superuser": true, "username": "alvaro", "first_name": "", "last_name": "", "email": "", "is_staff": true, "is_active": true, "date_joined": "2021-01-13T22:11:17Z", "groups": [], "user_permissions": []}}, {"model": "sessions.session", "pk": "2790acelzm4awkcnjdzw5u580tveesux", "fields": {"session_data": "NGJmNDMxYmRkYmE1YjdiYjI4NTFhYzYzYTRkZDg2YTczM2JmY2FmZDp7Il9hdXRoX3VzZXJfaWQiOiIyIiwiX2F1dGhfdXNlcl9iYWNrZW5kIjoiZGphbmdvLmNvbnRyaWIuYXV0aC5iYWNrZW5kcy5Nb2RlbEJhY2tlbmQiLCJfYXV0aF91c2VyX2hhc2giOiJmM2Y3NjdlMjE0Mzg0NGZmYmU1N2Q0YWMwMWM2YWNmNmJhNzc1YWFhIn0=", "expire_date": "2021-02-09T11:46:29.445Z"}}, {"model": "sessions.session", "pk": "6460bm8xbgsbt4jq0w987xpdjwtccdsb", "fields": {"session_data": "NGJmNDMxYmRkYmE1YjdiYjI4NTFhYzYzYTRkZDg2YTczM2JmY2FmZDp7Il9hdXRoX3VzZXJfaWQiOiIyIiwiX2F1dGhfdXNlcl9iYWNrZW5kIjoiZGphbmdvLmNvbnRyaWIuYXV0aC5iYWNrZW5kcy5Nb2RlbEJhY2tlbmQiLCJfYXV0aF91c2VyX2hhc2giOiJmM2Y3NjdlMjE0Mzg0NGZmYmU1N2Q0YWMwMWM2YWNmNmJhNzc1YWFhIn0=", "expire_date": "2021-02-16T15:20:29.177Z"}}, {"model": "sessions.session", "pk": "70kn7okpznpypnuo8ubmx8bm0cxc10f5", "fields": {"session_data": "NGJmNDMxYmRkYmE1YjdiYjI4NTFhYzYzYTRkZDg2YTczM2JmY2FmZDp7Il9hdXRoX3VzZXJfaWQiOiIyIiwiX2F1dGhfdXNlcl9iYWNrZW5kIjoiZGphbmdvLmNvbnRyaWIuYXV0aC5iYWNrZW5kcy5Nb2RlbEJhY2tlbmQiLCJfYXV0aF91c2VyX2hhc2giOiJmM2Y3NjdlMjE0Mzg0NGZmYmU1N2Q0YWMwMWM2YWNmNmJhNzc1YWFhIn0=", "expire_date": "2021-01-28T20:11:05.295Z"}}, {"model": "sessions.session", "pk": "890onnrp97b53fipjxzdjm5sxvck2qnr", "fields": {"session_data": "NGJmNDMxYmRkYmE1YjdiYjI4NTFhYzYzYTRkZDg2YTczM2JmY2FmZDp7Il9hdXRoX3VzZXJfaWQiOiIyIiwiX2F1dGhfdXNlcl9iYWNrZW5kIjoiZGphbmdvLmNvbnRyaWIuYXV0aC5iYWNrZW5kcy5Nb2RlbEJhY2tlbmQiLCJfYXV0aF91c2VyX2hhc2giOiJmM2Y3NjdlMjE0Mzg0NGZmYmU1N2Q0YWMwMWM2YWNmNmJhNzc1YWFhIn0=", "expire_date": "2021-03-02T18:01:17.817Z"}}, {"model": "sessions.session", "pk": "clxdafokanvc4hyw9dh01bpq4iq1vtiz", "fields": {"session_data": "NGJmNDMxYmRkYmE1YjdiYjI4NTFhYzYzYTRkZDg2YTczM2JmY2FmZDp7Il9hdXRoX3VzZXJfaWQiOiIyIiwiX2F1dGhfdXNlcl9iYWNrZW5kIjoiZGphbmdvLmNvbnRyaWIuYXV0aC5iYWNrZW5kcy5Nb2RlbEJhY2tlbmQiLCJfYXV0aF91c2VyX2hhc2giOiJmM2Y3NjdlMjE0Mzg0NGZmYmU1N2Q0YWMwMWM2YWNmNmJhNzc1YWFhIn0=", "expire_date": "2021-01-28T19:40:25.601Z"}}, {"model": "sessions.session", "pk": "leanisjmrw3pyy9l1l73momcflx8e7j8", "fields": {"session_data": "NGJmNDMxYmRkYmE1YjdiYjI4NTFhYzYzYTRkZDg2YTczM2JmY2FmZDp7Il9hdXRoX3VzZXJfaWQiOiIyIiwiX2F1dGhfdXNlcl9iYWNrZW5kIjoiZGphbmdvLmNvbnRyaWIuYXV0aC5iYWNrZW5kcy5Nb2RlbEJhY2tlbmQiLCJfYXV0aF91c2VyX2hhc2giOiJmM2Y3NjdlMjE0Mzg0NGZmYmU1N2Q0YWMwMWM2YWNmNmJhNzc1YWFhIn0=", "expire_date": "2021-01-27T22:11:30.241Z"}}, {"model": "sessions.session", "pk": "njbk2vcurlnbte8fv3xg27lsyzbk8sxc", "fields": {"session_data": "NGJmNDMxYmRkYmE1YjdiYjI4NTFhYzYzYTRkZDg2YTczM2JmY2FmZDp7Il9hdXRoX3VzZXJfaWQiOiIyIiwiX2F1dGhfdXNlcl9iYWNrZW5kIjoiZGphbmdvLmNvbnRyaWIuYXV0aC5iYWNrZW5kcy5Nb2RlbEJhY2tlbmQiLCJfYXV0aF91c2VyX2hhc2giOiJmM2Y3NjdlMjE0Mzg0NGZmYmU1N2Q0YWMwMWM2YWNmNmJhNzc1YWFhIn0=", "expire_date": "2021-02-02T20:00:54.774Z"}}, {"model": "sessions.session", "pk": "ovniz0q9xyy1mtnsolm1dgrh5ivy5vuu", "fields": {"session_data": "NGJmNDMxYmRkYmE1YjdiYjI4NTFhYzYzYTRkZDg2YTczM2JmY2FmZDp7Il9hdXRoX3VzZXJfaWQiOiIyIiwiX2F1dGhfdXNlcl9iYWNrZW5kIjoiZGphbmdvLmNvbnRyaWIuYXV0aC5iYWNrZW5kcy5Nb2RlbEJhY2tlbmQiLCJfYXV0aF91c2VyX2hhc2giOiJmM2Y3NjdlMjE0Mzg0NGZmYmU1N2Q0YWMwMWM2YWNmNmJhNzc1YWFhIn0=", "expire_date": "2021-03-05T22:14:23.434Z"}}, {"model": "sessions.session", "pk": "oywm9iiflq79wygkpim7dkupjkuo9evp", "fields": {"session_data": "NGJmNDMxYmRkYmE1YjdiYjI4NTFhYzYzYTRkZDg2YTczM2JmY2FmZDp7Il9hdXRoX3VzZXJfaWQiOiIyIiwiX2F1dGhfdXNlcl9iYWNrZW5kIjoiZGphbmdvLmNvbnRyaWIuYXV0aC5iYWNrZW5kcy5Nb2RlbEJhY2tlbmQiLCJfYXV0aF91c2VyX2hhc2giOiJmM2Y3NjdlMjE0Mzg0NGZmYmU1N2Q0YWMwMWM2YWNmNmJhNzc1YWFhIn0=", "expire_date": "2021-02-01T18:15:14.760Z"}}, {"model": "sessions.session", "pk": "q3nrkoyqmnlesv0wcmao2hlcqok4svbz", "fields": {"session_data": "NGJmNDMxYmRkYmE1YjdiYjI4NTFhYzYzYTRkZDg2YTczM2JmY2FmZDp7Il9hdXRoX3VzZXJfaWQiOiIyIiwiX2F1dGhfdXNlcl9iYWNrZW5kIjoiZGphbmdvLmNvbnRyaWIuYXV0aC5iYWNrZW5kcy5Nb2RlbEJhY2tlbmQiLCJfYXV0aF91c2VyX2hhc2giOiJmM2Y3NjdlMjE0Mzg0NGZmYmU1N2Q0YWMwMWM2YWNmNmJhNzc1YWFhIn0=", "expire_date": "2021-02-24T01:09:24.312Z"}}, {"model": "sessions.session", "pk": "slsjlbk6mupdknbqglzj28xrlepca8fy", "fields": {"session_data": "NGJmNDMxYmRkYmE1YjdiYjI4NTFhYzYzYTRkZDg2YTczM2JmY2FmZDp7Il9hdXRoX3VzZXJfaWQiOiIyIiwiX2F1dGhfdXNlcl9iYWNrZW5kIjoiZGphbmdvLmNvbnRyaWIuYXV0aC5iYWNrZW5kcy5Nb2RlbEJhY2tlbmQiLCJfYXV0aF91c2VyX2hhc2giOiJmM2Y3NjdlMjE0Mzg0NGZmYmU1N2Q0YWMwMWM2YWNmNmJhNzc1YWFhIn0=", "expire_date": "2021-03-02T18:02:21.952Z"}}, {"model": "sessions.session", "pk": "wj3n75a0cc0uk9aogym3f2cyp7zyywaz", "fields": {"session_data": "NGJmNDMxYmRkYmE1YjdiYjI4NTFhYzYzYTRkZDg2YTczM2JmY2FmZDp7Il9hdXRoX3VzZXJfaWQiOiIyIiwiX2F1dGhfdXNlcl9iYWNrZW5kIjoiZGphbmdvLmNvbnRyaWIuYXV0aC5iYWNrZW5kcy5Nb2RlbEJhY2tlbmQiLCJfYXV0aF91c2VyX2hhc2giOiJmM2Y3NjdlMjE0Mzg0NGZmYmU1N2Q0YWMwMWM2YWNmNmJhNzc1YWFhIn0=", "expire_date": "2021-01-27T22:59:16.233Z"}}, {"model": "apptemplate.compras", "pk": 6, "fields": {"total_compra": "150000", "fecha_compra": "2021-02-01"}}, {"model": "apptemplate.compras", "pk": 8, "fields": {"total_compra": "205000", "fecha_compra": "2021-02-10"}}, {"model": "apptemplate.detalles_compras", "pk": 1, "fields": {"id_compra": "1", "id_insumo": "3", "cantidad": "24", "precio": "40000", "subtotal": "960000.0"}}, {"model": "apptemplate.detalles_compras", "pk": 2, "fields": {"id_compra": "1", "id_insumo": "5", "cantidad": "24", "precio": "40000", "subtotal": "960000.0"}}, {"model": "apptemplate.detalles_compras", "pk": 3, "fields": {"id_compra": "2", "id_insumo": "5", "cantidad": "24", "precio": "13000", "subtotal": "312000.0"}}, {"model": "apptemplate.detalles_compras", "pk": 4, "fields": {"id_compra": "2", "id_insumo": "5", "cantidad": "89", "precio": "43000", "subtotal": "3827000.0"}}, {"model": "apptemplate.detalles_compras", "pk": 5, "fields": {"id_compra": "4", "id_insumo": "3", "cantidad": "45", "precio": "1200", "subtotal": "54000.0"}}, {"model": "apptemplate.detalles_compras", "pk": 6, "fields": {"id_compra": "5", "id_insumo": "3", "cantidad": "25", "precio": "43000", "subtotal": "1075000.0"}}, {"model": "apptemplate.detalles_compras", "pk": 7, "fields": {"id_compra": "5", "id_insumo": "4", "cantidad": "25", "precio": "56600", "subtotal": "1415000.0"}}, {"model": "apptemplate.detalles_compras", "pk": 8, "fields": {"id_compra": "6", "id_insumo": "4", "cantidad": "10", "precio": "5000", "subtotal": "50000.0"}}, {"model": "apptemplate.detalles_compras", "pk": 9, "fields": {"id_compra": "6", "id_insumo": "6", "cantidad": "10", "precio": "10000", "subtotal": "100000.0"}}, {"model": "apptemplate.detalles_compras", "pk": 10, "fields": {"id_compra": "8", "id_insumo": "3", "cantidad": "10", "precio": "10000", "subtotal": "100000.0"}}, {"model": "apptemplate.detalles_compras", "pk": 11, "fields": {"id_compra": "8", "id_insumo": "5", "cantidad": "50", "precio": "2000", "subtotal": "100000.0"}}, {"model": "apptemplate.detalles_compras", "pk": 12, "fields": {"id_compra": "8", "id_insumo": "7", "cantidad": "50", "precio": "100", "subtotal": "5000.0"}}, {"model": "apptemplate.insumos_categoria", "pk": 3, "fields": {"Nombre": "Productos varios"}}, {"model": "apptemplate.insumos_categoria", "pk": 4, "fields": {"Nombre": "Plantas Madres"}}, {"model": "apptemplate.insumos", "pk": 3, "fields": {"nombre": "Insecticida", "unidad_de_medida": "uds.", "cantidad": "13", "categoria": 3, "estado": null}}, {"model": "apptemplate.insumos", "pk": 4, "fields": {"nombre": "Vera Higgins", "unidad_de_medida": "uds.", "cantidad": "10", "categoria": 4, "estado": null}}, {"model": "apptemplate.insumos", "pk": 5, "fields": {"nombre": "Abono", "unidad_de_medida": "kg.", "cantidad": "133", "categoria": 3, "estado": null}}, {"model": "apptemplate.insumos", "pk": 6, "fields": {"nombre": "Haworthia Obtusa Stunning", "unidad_de_medida": "uds.", "cantidad": "10", "categoria": 4, "estado": null}}, {"model": "apptemplate.insumos", "pk": 7, "fields": {"nombre": "Arena", "unidad_de_medida": "kg.", "cantidad": "135", "categoria": 3, "estado": null}}, {"model": "apptemplate.categoria_productos", "pk": 3, "fields": {"nombre_categoria": "Tunas"}}, {"model": "apptemplate.categoria_productos", "pk": 4, "fields": {"nombre_categoria": "Suculentas"}}, {"model": "apptemplate.categoria_productos", "pk": 5, "fields": {"nombre_categoria": "Plantas Ornamentales"}}, {"model": "apptemplate.nombre_productos", "pk": 17, "fields": {"nombre_productos": "Haworthia Obtusa Stunning", "categoria": 4, "estado": null}}, {"model": "apptemplate.nombre_productos", "pk": 18, "fields": {"nombre_productos": "Vera Higgins", "categoria": 4, "estado": null}}, {"model": "apptemplate.nombre_productos", "pk": 19, "fields": {"nombre_productos": "Astrophytum Asterias", "categoria": 3, "estado": null}}, {"model": "apptemplate.nombre_productos", "pk": 20, "fields": {"nombre_productos": "Aylostera", "categoria": 3, "estado": null}}, {"model": "apptemplate.nombre_productos", "pk": 21, "fields": {"nombre_productos": "Girasol", "categoria": 5, "estado": null}}, {"model": "apptemplate.nombre_productos", "pk": 22, "fields": {"nombre_productos": "Tulip\u00e1n ", "categoria": 5, "estado": null}}, {"model": "apptemplate.nombre_productos", "pk": 23, "fields": {"nombre_productos": "testeo", "categoria": 5, "estado": "borrado"}}, {"model": "apptemplate.productos", "pk": 16, "fields": {"id_nombre_producto": 18, "descripcion_producto": "Las atractivas rosetas de suculentas hojas de color azul verdoso se sonrojan con puntas rosadas que se oscurecen a un rojo cobrizo cuando se exponen a temperaturas m\u00e1s fr\u00edas. Tallos delicados se elevan por encima de las plantas que sostienen flores en forma de estrella. Formando grandes colonias, esta planta es particularmente atractiva en cestas y contenedores colgantes o como cobertura del suelo. Donde no sea resistente, hiberne en interiores o tr\u00e1telo como anual.", "cantidad_stock": "0", "imagen": "4bffaf04a4e490abc6d167a285b7f5cb.jpg", "precio": "40.000"}}, {"model": "apptemplate.productos", "pk": 17, "fields": {"id_nombre_producto": 17, "descripcion_producto": "Haworthia es una excelente planta para tener si no tienes mucha luz donde la guardas. Se desarrollan en la luz extremadamente baja, y lo hacen mejor en estas condiciones. Esta gota muerta magn\u00edfico obtusa h\u00edbrido tiene algunas ventanas impresionantes en ellos! Tienen hermosas marcas rojizas en ellos y cuando la luz les golpea, brillan! La primera foto es una que puse a la luz. Con un tinte azulado y verdoso para ellos, hacen que tengan suculentas atractivas.", "cantidad_stock": "17", "imagen": "a31ec09228275340d6c5b901b885bd0e.jpg", "precio": "50.000"}}, {"model": "apptemplate.productos", "pk": 18, "fields": {"id_nombre_producto": 20, "descripcion_producto": "Es una planta perenne carnosa, globosa de color verde armada de espinos y con las flores de color naranja y amarillo.", "cantidad_stock": "18", "imagen": "unnamed.jpg", "precio": "15.000"}}, {"model": "apptemplate.productos", "pk": 19, "fields": {"id_nombre_producto": 19, "descripcion_producto": "Es un cactus con espinas peque\u00f1as que crecen entre los gloquidios de las areolas que se define por la presencia de tres a siete (normalmente cinco) pronunciadas costillas verticales que definen el cactus. El nombre de g\u00e9nero \"Astrophytum\", literalmente, \"planta estrella\", se deriva de su forma de estrella.", "cantidad_stock": "5", "imagen": "astrophytum-asterias-cv-hanazono-1b.jpg", "precio": "10.000"}}, {"model": "apptemplate.productos", "pk": 20, "fields": {"id_nombre_producto": 22, "descripcion_producto": "Se denomina tulip\u00e1n a una clase de planta que forma parte de la familia de las lili\u00e1ceas. ... Los tulipanes son plantas bulbosas (almacenan nutrientes en estructuras subterr\u00e1neas) que suelen tener un tallo simple que puede medir hasta sesenta cent\u00edmetros. Sus hojas, lanceoladas, son grandes.", "cantidad_stock": "15", "imagen": "be794ef228d21ecc506c39bc43864444.jpg", "precio": "20.000"}}, {"model": "apptemplate.productos", "pk": 21, "fields": {"id_nombre_producto": 21, "descripcion_producto": "Girasol es una planta herb\u00e1cea de la familia aster\u00e1cea, de nombre cient\u00edfico helianthus annuus, que se caracteriza por tener flores amarillas, frutos comestibles y tallos robustos y erguidos. ... Asimismo, del n\u00e1huatl recibe los nombres de chimalatl o chimalx\u00f3chitl, que significan \u201cflor de escudo\u201d.", "cantidad_stock": "10", "imagen": "78877d623e6cb6d911b3c771e2c3b0f9.jpg", "precio": "20.000"}}, {"model": "apptemplate.productos", "pk": 22, "fields": {"id_nombre_producto": 23, "descripcion_producto": "Esto es un test", "cantidad_stock": "10", "imagen": "post-6368-800x800_Tp5mEz7.jpeg", "precio": "10.000"}}, {"model": "apptemplate.produccion", "pk": 43, "fields": {"fecha_produccion": "2021-02-01", "estado_produccion": "Terminado", "fecha_acabado": "2021-02-18"}}, {"model": "apptemplate.produccion", "pk": 44, "fields": {"fecha_produccion": "2021-02-16", "estado_produccion": "Terminado", "fecha_acabado": "2021-02-19"}}, {"model": "apptemplate.produccion", "pk": 45, "fields": {"fecha_produccion": "2021-02-01", "estado_produccion": "Terminado", "fecha_acabado": "2021-02-18"}}, {"model": "apptemplate.produccion", "pk": 46, "fields": {"fecha_produccion": "2021-02-18", "estado_produccion": "Terminado", "fecha_acabado": "2021-02-19"}}, {"model": "apptemplate.produccion", "pk": 47, "fields": {"fecha_produccion": "2021-02-16", "estado_produccion": "Terminado", "fecha_acabado": "2021-02-18"}}, {"model": "apptemplate.detalles_produccion", "pk": 110, "fields": {"id_produccion": 43, "id_producto": 18, "cantidad_detalle": "10", "cantidad_real_detalle": "5"}}, {"model": "apptemplate.detalles_produccion", "pk": 111, "fields": {"id_produccion": 43, "id_producto": 19, "cantidad_detalle": "10", "cantidad_real_detalle": "5"}}, {"model": "apptemplate.detalles_produccion", "pk": 112, "fields": {"id_produccion": 43, "id_producto": 17, "cantidad_detalle": "10", "cantidad_real_detalle": "5"}}, {"model": "apptemplate.detalles_produccion", "pk": 113, "fields": {"id_produccion": 44, "id_producto": 20, "cantidad_detalle": "10", "cantidad_real_detalle": "10"}}, {"model": "apptemplate.detalles_produccion", "pk": 114, "fields": {"id_produccion": 45, "id_producto": 18, "cantidad_detalle": "3", "cantidad_real_detalle": "3"}}, {"model": "apptemplate.detalles_produccion", "pk": 115, "fields": {"id_produccion": 45, "id_producto": 16, "cantidad_detalle": "5", "cantidad_real_detalle": "5"}}, {"model": "apptemplate.detalles_produccion", "pk": 117, "fields": {"id_produccion": 46, "id_producto": 17, "cantidad_detalle": "2", "cantidad_real_detalle": "2"}}, {"model": "apptemplate.detalles_produccion", "pk": 118, "fields": {"id_produccion": 47, "id_producto": 22, "cantidad_detalle": "10", "cantidad_real_detalle": "5"}}, {"model": "apptemplate.detalles_insumos", "pk": 81, "fields": {"Cantidad": "2", "id_insumos": 3, "id_produccion": 43}}, {"model": "apptemplate.detalles_insumos", "pk": 82, "fields": {"Cantidad": "10", "id_insumos": 7, "id_produccion": 43}}, {"model": "apptemplate.detalles_insumos", "pk": 83, "fields": {"Cantidad": "5", "id_insumos": 5, "id_produccion": 43}}, {"model": "apptemplate.detalles_insumos", "pk": 84, "fields": {"Cantidad": "1", "id_insumos": 3, "id_produccion": 44}}, {"model": "apptemplate.detalles_insumos", "pk": 85, "fields": {"Cantidad": "5", "id_insumos": 7, "id_produccion": 44}}, {"model": "apptemplate.detalles_insumos", "pk": 86, "fields": {"Cantidad": "2", "id_insumos": 5, "id_produccion": 44}}, {"model": "apptemplate.detalles_insumos", "pk": 87, "fields": {"Cantidad": "4", "id_insumos": 3, "id_produccion": 45}}, {"model": "apptemplate.detalles_insumos", "pk": 88, "fields": {"Cantidad": "5", "id_insumos": 5, "id_produccion": 45}}, {"model": "apptemplate.detalles_insumos", "pk": 90, "fields": {"Cantidad": "5", "id_insumos": 5, "id_produccion": 47}}, {"model": "apptemplate.clientes", "pk": 1, "fields": {"nombre_cliente": "Jos\u00e9 Gonzales Junior", "direccion": "Avd. Siempre Viva", "telefono": "0975142365", "estado": "borrado"}}, {"model": "apptemplate.clientes", "pk": 2, "fields": {"nombre_cliente": "Alvaro Basilicio Rodriguez Llano", "direccion": "Eleuterio Cabrera C/ Juan Oleari", "telefono": "0973572212", "estado": null}}, {"model": "apptemplate.clientes", "pk": 3, "fields": {"nombre_cliente": "C\u00e9sar Basilicio Rodriguez Llano", "direccion": "Eleuterio Cabrera C /Juan Oleari", "telefono": "0972104371", "estado": null}}, {"model": "apptemplate.clientes", "pk": 4, "fields": {"nombre_cliente": "Laura Diana Rodriguez Llano", "direccion": "Eleuterio Cabrera C/ Juan Oleari ", "telefono": "0975 151933", "estado": null}}, {"model": "apptemplate.clientes", "pk": 5, "fields": {"nombre_cliente": "Juan Jes\u00fas Cubells", "direccion": "Casimiro Guitierrez 244", "telefono": "0976 147913", "estado": null}}, {"model": "apptemplate.ventas", "pk": 26, "fields": {"fecha_venta": "2021-02-18"}}, {"model": "apptemplate.ventas", "pk": 27, "fields": {"fecha_venta": "2021-02-18"}}, {"model": "apptemplate.ventas", "pk": 28, "fields": {"fecha_venta": "2021-02-18"}}, {"model": "apptemplate.ventas", "pk": 29, "fields": {"fecha_venta": "2021-02-18"}}, {"model": "apptemplate.pedidos", "pk": 25, "fields": {"id_cliente": 2, "id_ventas": 26, "estado_pedido": "Terminado", "fecha_pedido": "2021-02-15", "precio_total": "400000"}}, {"model": "apptemplate.pedidos", "pk": 26, "fields": {"id_cliente": 4, "id_ventas": 27, "estado_pedido": "Terminado", "fecha_pedido": "2021-02-16", "precio_total": "700000"}}, {"model": "apptemplate.pedidos", "pk": 28, "fields": {"id_cliente": 2, "id_ventas": 28, "estado_pedido": "Terminado", "fecha_pedido": "2021-02-16", "precio_total": "450000"}}, {"model": "apptemplate.pedidos", "pk": 30, "fields": {"id_cliente": 1, "id_ventas": 29, "estado_pedido": "Terminado", "fecha_pedido": "2021-02-18", "precio_total": "100000"}}, {"model": "apptemplate.detalles_pedidos", "pk": 51, "fields": {"id_producto": 19, "id_pedido": 25, "cantidad": "5", "subtotal_producto": "50000", "precio": "10.000"}}, {"model": "apptemplate.detalles_pedidos", "pk": 52, "fields": {"id_producto": 17, "id_pedido": 25, "cantidad": "5", "subtotal_producto": "250000", "precio": "50.000"}}, {"model": "apptemplate.detalles_pedidos", "pk": 53, "fields": {"id_producto": 20, "id_pedido": 25, "cantidad": "5", "subtotal_producto": "100000", "precio": "20.000"}}, {"model": "apptemplate.detalles_pedidos", "pk": 54, "fields": {"id_producto": 19, "id_pedido": 26, "cantidad": "10", "subtotal_producto": "100000", "precio": "10.000"}}, {"model": "apptemplate.detalles_pedidos", "pk": 55, "fields": {"id_producto": 17, "id_pedido": 26, "cantidad": "10", "subtotal_producto": "500000", "precio": "50.000"}}, {"model": "apptemplate.detalles_pedidos", "pk": 56, "fields": {"id_producto": 21, "id_pedido": 26, "cantidad": "5", "subtotal_producto": "100000", "precio": "20.000"}}, {"model": "apptemplate.detalles_pedidos", "pk": 58, "fields": {"id_producto": 16, "id_pedido": 28, "cantidad": "15", "subtotal_producto": "450000", "precio": "30.000"}}, {"model": "apptemplate.detalles_pedidos", "pk": 61, "fields": {"id_producto": 19, "id_pedido": 30, "cantidad": "10", "subtotal_producto": "100000", "precio": "10.000"}}, {"model": "apptemplate.back_up", "pk": 1, "fields": {"nombre_back_up": "2021-02-18 08:08:26", "nombre_archivo": "2021_02_18_08_08_26"}}, {"model": "apptemplate.back_up", "pk": 2, "fields": {"nombre_back_up": "2021-02-18 08:23:16", "nombre_archivo": "2021_02_18_08_23_16"}}, {"model": "apptemplate.back_up", "pk": 3, "fields": {"nombre_back_up": "2021-02-18 08:27:18", "nombre_archivo": "2021_02_18_08_27_18"}}, {"model": "apptemplate.back_up", "pk": 4, "fields": {"nombre_back_up": "2021-02-18 09:44:28", "nombre_archivo": "2021_02_18_09_44_28"}}, {"model": "apptemplate.back_up", "pk": 5, "fields": {"nombre_back_up": "2021-02-18 22:29:45", "nombre_archivo": "2021_02_18_22_29_45"}}, {"model": "apptemplate.back_up", "pk": 6, "fields": {"nombre_back_up": "2021-02-18 22:29:47", "nombre_archivo": "2021_02_18_22_29_47"}}, {"model": "apptemplate.back_up", "pk": 7, "fields": {"nombre_back_up": "2021-02-18 22:29:50", "nombre_archivo": "2021_02_18_22_29_50"}}, {"model": "apptemplate.back_up", "pk": 8, "fields": {"nombre_back_up": "2021-02-18 22:29:53", "nombre_archivo": "2021_02_18_22_29_53"}}, {"model": "apptemplate.back_up", "pk": 9, "fields": {"nombre_back_up": "2021-02-19 19:15:23", "nombre_archivo": "2021_02_19_19_15_23"}}, {"model": "apptemplate.auditoria", "pk": 1, "fields": {"fecha_auditoria": "2021-02-18 22:00:08", "accion_realizada": "Se edito el producto: \"Vera Higgins\" con precio: 15.000, al precio actual de: 20.000"}}, {"model": "apptemplate.auditoria", "pk": 2, "fields": {"fecha_auditoria": "2021-02-18 22:00:08", "accion_realizada": "Se elimino el pedido con la fecha: 2021-02-15"}}, {"model": "apptemplate.auditoria", "pk": 3, "fields": {"fecha_auditoria": "2021-02-18 22:07:11", "accion_realizada": "Se edito el producto: \"Vera Higgins\" con precio: 20.000, al precio actual de: 30.000"}}, {"model": "apptemplate.auditoria", "pk": 4, "fields": {"fecha_auditoria": "2021-02-18 22:07:11", "accion_realizada": "Se edito el producto: \"Vera Higgins\" con precio: 30.000, al precio actual de: 40.000"}}, {"model": "apptemplate.auditoria", "pk": 5, "fields": {"fecha_auditoria": "2021-02-18 22:07:11", "accion_realizada": "Se elimino el pedido con la fecha: 2021-02-18"}}, {"model": "apptemplate.auditoria", "pk": 6, "fields": {"fecha_auditoria": "2021-02-18 23:50:03", "accion_realizada": "Se edito el producto: \"testeo\" con precio: 5000, al precio actual de: 10.000"}}, {"model": "apptemplate.auditoria", "pk": 7, "fields": {"fecha_auditoria": "2021-02-19 15:51:09", "accion_realizada": "Se edito el insumo: \"Arena\""}}, {"model": "apptemplate.auditoria", "pk": 8, "fields": {"fecha_auditoria": "2021-02-19 15:51:09", "accion_realizada": "Se edito el insumo: \"arena\""}}, {"model": "admin.logentry", "pk": 22, "fields": {"action_time": "2021-01-13T22:11:48.754Z", "user": 2, "content_type": 31, "object_id": "3", "object_repr": "Tunas nenas", "action_flag": 1, "change_message": "[{\"added\": {}}]"}}, {"model": "admin.logentry", "pk": 23, "fields": {"action_time": "2021-01-13T22:11:52.768Z", "user": 2, "content_type": 31, "object_id": "4", "object_repr": "suculentas", "action_flag": 1, "change_message": "[{\"added\": {}}]"}}, {"model": "admin.logentry", "pk": 24, "fields": {"action_time": "2021-01-13T22:12:12.544Z", "user": 2, "content_type": 32, "object_id": "6", "object_repr": "Tuna Azul", "action_flag": 1, "change_message": "[{\"added\": {}}]"}}, {"model": "admin.logentry", "pk": 25, "fields": {"action_time": "2021-01-13T22:12:17.576Z", "user": 2, "content_type": 32, "object_id": "7", "object_repr": "suculenta nena", "action_flag": 1, "change_message": "[{\"added\": {}}]"}}, {"model": "admin.logentry", "pk": 26, "fields": {"action_time": "2021-01-13T22:12:28.339Z", "user": 2, "content_type": 32, "object_id": "8", "object_repr": "tuna verde", "action_flag": 1, "change_message": "[{\"added\": {}}]"}}, {"model": "admin.logentry", "pk": 27, "fields": {"action_time": "2021-01-13T22:12:36.134Z", "user": 2, "content_type": 32, "object_id": "9", "object_repr": "nose crajo", "action_flag": 1, "change_message": "[{\"added\": {}}]"}}, {"model": "admin.logentry", "pk": 28, "fields": {"action_time": "2021-01-14T20:14:34.918Z", "user": 2, "content_type": 33, "object_id": "3", "object_repr": "Tuna Azul-45", "action_flag": 1, "change_message": "[{\"added\": {}}]"}}, {"model": "admin.logentry", "pk": 29, "fields": {"action_time": "2021-01-14T20:14:58.956Z", "user": 2, "content_type": 35, "object_id": "14", "object_repr": "Tuna Azul", "action_flag": 1, "change_message": "[{\"added\": {}}]"}}, {"model": "admin.logentry", "pk": 30, "fields": {"action_time": "2021-01-14T20:15:16.452Z", "user": 2, "content_type": 34, "object_id": "2", "object_repr": "12-12-12 - 12-12-45 - pendiente", "action_flag": 1, "change_message": "[{\"added\": {}}]"}}, {"model": "admin.logentry", "pk": 31, "fields": {"action_time": "2021-01-14T20:18:01.034Z", "user": 2, "content_type": 33, "object_id": "4", "object_repr": "suculenta nena-45", "action_flag": 1, "change_message": "[{\"added\": {}}]"}}, {"model": "admin.logentry", "pk": 32, "fields": {"action_time": "2021-01-14T20:18:12.941Z", "user": 2, "content_type": 33, "object_id": "5", "object_repr": "nose crajo-45", "action_flag": 1, "change_message": "[{\"added\": {}}]"}}, {"model": "admin.logentry", "pk": 33, "fields": {"action_time": "2021-01-19T20:51:51.931Z", "user": 2, "content_type": 31, "object_id": "5", "object_repr": "Plantas Ornamentales", "action_flag": 1, "change_message": "[{\"added\": {}}]"}}, {"model": "admin.logentry", "pk": 34, "fields": {"action_time": "2021-01-19T20:51:59.839Z", "user": 2, "content_type": 31, "object_id": "4", "object_repr": "Suculentas", "action_flag": 2, "change_message": "[{\"changed\": {\"fields\": [\"Nombre categoria\"]}}]"}}, {"model": "admin.logentry", "pk": 35, "fields": {"action_time": "2021-01-25T21:09:40.253Z", "user": 2, "content_type": 29, "object_id": "3", "object_repr": "Productos varios", "action_flag": 1, "change_message": "[{\"added\": {}}]"}}, {"model": "admin.logentry", "pk": 36, "fields": {"action_time": "2021-01-25T21:09:56.720Z", "user": 2, "content_type": 29, "object_id": "4", "object_repr": "Plantas Madres", "action_flag": 1, "change_message": "[{\"added\": {}}]"}}, {"model": "admin.logentry", "pk": 37, "fields": {"action_time": "2021-01-25T21:15:56.104Z", "user": 2, "content_type": 30, "object_id": "3", "object_repr": "detalles Insecticida", "action_flag": 1, "change_message": "[{\"added\": {}}]"}}, {"model": "admin.logentry", "pk": 38, "fields": {"action_time": "2021-01-25T21:16:57.317Z", "user": 2, "content_type": 30, "object_id": "4", "object_repr": "detalles tunas rosadas", "action_flag": 1, "change_message": "[{\"added\": {}}]"}}, {"model": "admin.logentry", "pk": 39, "fields": {"action_time": "2021-01-26T12:03:48.969Z", "user": 2, "content_type": 33, "object_id": "6", "object_repr": "None-None", "action_flag": 3, "change_message": ""}}, {"model": "admin.logentry", "pk": 40, "fields": {"action_time": "2021-02-01T23:37:20.549Z", "user": 2, "content_type": 34, "object_id": "3", "object_repr": "2021-02-01 - None - None", "action_flag": 3, "change_message": ""}}, {"model": "admin.logentry", "pk": 41, "fields": {"action_time": "2021-02-01T23:37:20.555Z", "user": 2, "content_type": 34, "object_id": "2", "object_repr": "12-12-12 - 12-12-45 - pendiente", "action_flag": 3, "change_message": ""}}, {"model": "admin.logentry", "pk": 42, "fields": {"action_time": "2021-02-02T14:55:49.491Z", "user": 2, "content_type": 34, "object_id": "8", "object_repr": "fecha - None - En Proceso", "action_flag": 3, "change_message": ""}}, {"model": "admin.logentry", "pk": 43, "fields": {"action_time": "2021-02-02T14:55:49.499Z", "user": 2, "content_type": 34, "object_id": "7", "object_repr": "fecha - None - En Proceso", "action_flag": 3, "change_message": ""}}, {"model": "admin.logentry", "pk": 44, "fields": {"action_time": "2021-02-02T14:55:49.506Z", "user": 2, "content_type": 34, "object_id": "6", "object_repr": "2021-02-02 - None - En Proceso", "action_flag": 3, "change_message": ""}}, {"model": "admin.logentry", "pk": 45, "fields": {"action_time": "2021-02-02T14:55:49.514Z", "user": 2, "content_type": 34, "object_id": "5", "object_repr": "2021-02-02 - None - None", "action_flag": 3, "change_message": ""}}, {"model": "admin.logentry", "pk": 46, "fields": {"action_time": "2021-02-02T14:55:49.521Z", "user": 2, "content_type": 34, "object_id": "4", "object_repr": "2021-02-02 - None - None", "action_flag": 3, "change_message": ""}}, {"model": "admin.logentry", "pk": 47, "fields": {"action_time": "2021-02-02T14:58:30.218Z", "user": 2, "content_type": 34, "object_id": "9", "object_repr": "2021-02-02 - None - En Proceso", "action_flag": 3, "change_message": ""}}, {"model": "admin.logentry", "pk": 48, "fields": {"action_time": "2021-02-02T15:31:57.161Z", "user": 2, "content_type": 36, "object_id": "23", "object_repr": "23-Insecticida", "action_flag": 3, "change_message": ""}}, {"model": "admin.logentry", "pk": 49, "fields": {"action_time": "2021-02-02T15:31:57.169Z", "user": 2, "content_type": 36, "object_id": "20", "object_repr": "34-tunas rosadas", "action_flag": 3, "change_message": ""}}, {"model": "admin.logentry", "pk": 50, "fields": {"action_time": "2021-02-02T15:32:08.845Z", "user": 2, "content_type": 35, "object_id": "53", "object_repr": "Tuna Azul", "action_flag": 3, "change_message": ""}}, {"model": "admin.logentry", "pk": 51, "fields": {"action_time": "2021-02-02T15:32:08.851Z", "user": 2, "content_type": 35, "object_id": "50", "object_repr": "Tuna Azul", "action_flag": 3, "change_message": ""}}, {"model": "admin.logentry", "pk": 52, "fields": {"action_time": "2021-02-02T15:32:19.684Z", "user": 2, "content_type": 34, "object_id": "12", "object_repr": "2021-02-02 - None - En Proceso", "action_flag": 3, "change_message": ""}}, {"model": "admin.logentry", "pk": 53, "fields": {"action_time": "2021-02-02T15:32:19.691Z", "user": 2, "content_type": 34, "object_id": "11", "object_repr": "2021-02-02 - None - En Proceso", "action_flag": 3, "change_message": ""}}, {"model": "admin.logentry", "pk": 54, "fields": {"action_time": "2021-02-02T15:32:19.699Z", "user": 2, "content_type": 34, "object_id": "10", "object_repr": "2021-02-02 - None - En Proceso", "action_flag": 3, "change_message": ""}}, {"model": "admin.logentry", "pk": 55, "fields": {"action_time": "2021-02-02T19:16:22.217Z", "user": 2, "content_type": 34, "object_id": "14", "object_repr": "2021-02-02 - None - En Proceso", "action_flag": 3, "change_message": ""}}, {"model": "admin.logentry", "pk": 56, "fields": {"action_time": "2021-02-02T19:16:22.228Z", "user": 2, "content_type": 34, "object_id": "13", "object_repr": "2021-02-02 - None - En Proceso", "action_flag": 3, "change_message": ""}}, {"model": "admin.logentry", "pk": 57, "fields": {"action_time": "2021-02-02T21:53:10.484Z", "user": 2, "content_type": 34, "object_id": "16", "object_repr": "2021-02-04 - None - En Proceso", "action_flag": 3, "change_message": ""}}, {"model": "admin.logentry", "pk": 58, "fields": {"action_time": "2021-02-02T21:53:10.495Z", "user": 2, "content_type": 34, "object_id": "15", "object_repr": "2021-02-02 - None - En Proceso", "action_flag": 3, "change_message": ""}}, {"model": "admin.logentry", "pk": 59, "fields": {"action_time": "2021-02-02T22:24:55.958Z", "user": 2, "content_type": 34, "object_id": "20", "object_repr": "2021-02-17 - None - En Proceso", "action_flag": 3, "change_message": ""}}, {"model": "admin.logentry", "pk": 60, "fields": {"action_time": "2021-02-02T22:24:55.965Z", "user": 2, "content_type": 34, "object_id": "19", "object_repr": "2021-02-02 - None - En Proceso", "action_flag": 3, "change_message": ""}}, {"model": "admin.logentry", "pk": 61, "fields": {"action_time": "2021-02-02T22:24:55.972Z", "user": 2, "content_type": 34, "object_id": "18", "object_repr": "2021-02-02 - None - En Proceso", "action_flag": 3, "change_message": ""}}, {"model": "admin.logentry", "pk": 62, "fields": {"action_time": "2021-02-02T22:24:55.980Z", "user": 2, "content_type": 34, "object_id": "17", "object_repr": "2021-02-02 - None - En Proceso", "action_flag": 3, "change_message": ""}}, {"model": "admin.logentry", "pk": 63, "fields": {"action_time": "2021-02-04T23:43:59.577Z", "user": 2, "content_type": 35, "object_id": "66", "object_repr": "Tuna Azul", "action_flag": 2, "change_message": "[{\"changed\": {\"fields\": [\"Cantidad real detalle\"]}}]"}}, {"model": "admin.logentry", "pk": 64, "fields": {"action_time": "2021-02-12T20:33:25.391Z", "user": 2, "content_type": 34, "object_id": "33", "object_repr": "2021-04-13 - None - En Proceso", "action_flag": 3, "change_message": ""}}, {"model": "admin.logentry", "pk": 65, "fields": {"action_time": "2021-02-12T20:33:25.397Z", "user": 2, "content_type": 34, "object_id": "32", "object_repr": "2021-02-27 - None - En Proceso", "action_flag": 3, "change_message": ""}}, {"model": "admin.logentry", "pk": 66, "fields": {"action_time": "2021-02-12T20:33:25.403Z", "user": 2, "content_type": 34, "object_id": "31", "object_repr": "2021-02-12 - None - Terminado", "action_flag": 3, "change_message": ""}}, {"model": "admin.logentry", "pk": 67, "fields": {"action_time": "2021-02-12T20:33:25.418Z", "user": 2, "content_type": 34, "object_id": "30", "object_repr": "2021-02-05 - None - Terminado", "action_flag": 3, "change_message": ""}}, {"model": "admin.logentry", "pk": 68, "fields": {"action_time": "2021-02-12T20:33:25.423Z", "user": 2, "content_type": 34, "object_id": "29", "object_repr": "2021-02-05 - None - Terminado", "action_flag": 3, "change_message": ""}}, {"model": "admin.logentry", "pk": 69, "fields": {"action_time": "2021-02-12T20:33:25.438Z", "user": 2, "content_type": 34, "object_id": "28", "object_repr": "2021-02-05 - None - Terminado", "action_flag": 3, "change_message": ""}}, {"model": "admin.logentry", "pk": 70, "fields": {"action_time": "2021-02-12T20:33:25.457Z", "user": 2, "content_type": 34, "object_id": "27", "object_repr": "2021-02-05 - None - Terminado", "action_flag": 3, "change_message": ""}}, {"model": "admin.logentry", "pk": 71, "fields": {"action_time": "2021-02-12T20:33:25.471Z", "user": 2, "content_type": 34, "object_id": "26", "object_repr": "2021-02-05 - None - Terminado", "action_flag": 3, "change_message": ""}}, {"model": "admin.logentry", "pk": 72, "fields": {"action_time": "2021-02-12T20:33:25.489Z", "user": 2, "content_type": 34, "object_id": "25", "object_repr": "2021-02-04 - None - Terminado", "action_flag": 3, "change_message": ""}}, {"model": "admin.logentry", "pk": 73, "fields": {"action_time": "2021-02-12T20:33:25.503Z", "user": 2, "content_type": 34, "object_id": "24", "object_repr": "2021-02-27 - None - Terminado", "action_flag": 3, "change_message": ""}}, {"model": "admin.logentry", "pk": 74, "fields": {"action_time": "2021-02-12T20:33:25.509Z", "user": 2, "content_type": 34, "object_id": "23", "object_repr": "2021-02-20 - None - Terminado", "action_flag": 3, "change_message": ""}}, {"model": "admin.logentry", "pk": 75, "fields": {"action_time": "2021-02-12T20:33:25.525Z", "user": 2, "content_type": 34, "object_id": "22", "object_repr": "2021-02-22 - None - Terminado", "action_flag": 3, "change_message": ""}}, {"model": "admin.logentry", "pk": 76, "fields": {"action_time": "2021-02-12T20:33:25.537Z", "user": 2, "content_type": 34, "object_id": "21", "object_repr": "2021-02-02 - None - Terminado", "action_flag": 3, "change_message": ""}}, {"model": "admin.logentry", "pk": 77, "fields": {"action_time": "2021-02-12T20:43:23.788Z", "user": 2, "content_type": 38, "object_id": "1", "object_repr": "detalles 1", "action_flag": 3, "change_message": ""}}, {"model": "admin.logentry", "pk": 78, "fields": {"action_time": "2021-02-13T15:15:15.442Z", "user": 2, "content_type": 34, "object_id": "36", "object_repr": "2020-10-06 - None - Terminado", "action_flag": 3, "change_message": ""}}, {"model": "admin.logentry", "pk": 79, "fields": {"action_time": "2021-02-13T15:15:15.463Z", "user": 2, "content_type": 34, "object_id": "35", "object_repr": "2021-06-08 - None - Terminado", "action_flag": 3, "change_message": ""}}, {"model": "admin.logentry", "pk": 80, "fields": {"action_time": "2021-02-13T15:15:15.474Z", "user": 2, "content_type": 34, "object_id": "34", "object_repr": "2021-02-12 - None - Terminado", "action_flag": 3, "change_message": ""}}, {"model": "admin.logentry", "pk": 81, "fields": {"action_time": "2021-02-15T22:41:48.304Z", "user": 2, "content_type": 38, "object_id": "5", "object_repr": "detalles 5", "action_flag": 3, "change_message": ""}}, {"model": "admin.logentry", "pk": 82, "fields": {"action_time": "2021-02-16T12:58:01.655Z", "user": 2, "content_type": 38, "object_id": "10", "object_repr": "detalles 10", "action_flag": 3, "change_message": ""}}, {"model": "admin.logentry", "pk": 83, "fields": {"action_time": "2021-02-16T12:58:01.667Z", "user": 2, "content_type": 38, "object_id": "9", "object_repr": "detalles 9", "action_flag": 3, "change_message": ""}}, {"model": "admin.logentry", "pk": 84, "fields": {"action_time": "2021-02-16T12:58:01.677Z", "user": 2, "content_type": 38, "object_id": "8", "object_repr": "detalles 8", "action_flag": 3, "change_message": ""}}, {"model": "admin.logentry", "pk": 85, "fields": {"action_time": "2021-02-16T12:58:01.689Z", "user": 2, "content_type": 38, "object_id": "7", "object_repr": "detalles 7", "action_flag": 3, "change_message": ""}}, {"model": "admin.logentry", "pk": 86, "fields": {"action_time": "2021-02-16T12:58:01.698Z", "user": 2, "content_type": 38, "object_id": "6", "object_repr": "detalles 6", "action_flag": 3, "change_message": ""}}, {"model": "admin.logentry", "pk": 87, "fields": {"action_time": "2021-02-16T12:58:01.709Z", "user": 2, "content_type": 38, "object_id": "4", "object_repr": "detalles 4", "action_flag": 3, "change_message": ""}}, {"model": "admin.logentry", "pk": 88, "fields": {"action_time": "2021-02-16T12:58:01.719Z", "user": 2, "content_type": 38, "object_id": "3", "object_repr": "detalles 3", "action_flag": 3, "change_message": ""}}, {"model": "admin.logentry", "pk": 89, "fields": {"action_time": "2021-02-16T12:58:01.728Z", "user": 2, "content_type": 38, "object_id": "2", "object_repr": "detalles 2", "action_flag": 3, "change_message": ""}}, {"model": "admin.logentry", "pk": 90, "fields": {"action_time": "2021-02-16T13:44:22.957Z", "user": 2, "content_type": 33, "object_id": "10", "object_repr": "10-None", "action_flag": 3, "change_message": ""}}, {"model": "admin.logentry", "pk": 91, "fields": {"action_time": "2021-02-16T13:46:38.541Z", "user": 2, "content_type": 33, "object_id": "12", "object_repr": "12-nose crajo", "action_flag": 3, "change_message": ""}}, {"model": "admin.logentry", "pk": 92, "fields": {"action_time": "2021-02-16T13:46:38.551Z", "user": 2, "content_type": 33, "object_id": "11", "object_repr": "11-nose crajo", "action_flag": 3, "change_message": ""}}, {"model": "admin.logentry", "pk": 93, "fields": {"action_time": "2021-02-16T13:46:38.560Z", "user": 2, "content_type": 33, "object_id": "9", "object_repr": "9-noseeeee", "action_flag": 3, "change_message": ""}}, {"model": "admin.logentry", "pk": 94, "fields": {"action_time": "2021-02-16T13:46:38.570Z", "user": 2, "content_type": 33, "object_id": "8", "object_repr": "8-tulipanes del senior", "action_flag": 3, "change_message": ""}}, {"model": "admin.logentry", "pk": 95, "fields": {"action_time": "2021-02-16T13:46:38.579Z", "user": 2, "content_type": 33, "object_id": "7", "object_repr": "7-rosas risuenas del salon de belleza de mi abuela muerta", "action_flag": 3, "change_message": ""}}, {"model": "admin.logentry", "pk": 96, "fields": {"action_time": "2021-02-16T13:46:38.588Z", "user": 2, "content_type": 33, "object_id": "5", "object_repr": "5-nose crajo", "action_flag": 3, "change_message": ""}}, {"model": "admin.logentry", "pk": 97, "fields": {"action_time": "2021-02-16T13:46:38.597Z", "user": 2, "content_type": 33, "object_id": "4", "object_repr": "4-suculenta nena", "action_flag": 3, "change_message": ""}}, {"model": "admin.logentry", "pk": 98, "fields": {"action_time": "2021-02-16T13:46:38.606Z", "user": 2, "content_type": 33, "object_id": "3", "object_repr": "3-Tuna Azul", "action_flag": 3, "change_message": ""}}, {"model": "admin.logentry", "pk": 99, "fields": {"action_time": "2021-02-16T13:46:43.603Z", "user": 2, "content_type": 33, "object_id": "13", "object_repr": "13-nose crajo", "action_flag": 3, "change_message": ""}}, {"model": "admin.logentry", "pk": 100, "fields": {"action_time": "2021-02-16T13:47:08.844Z", "user": 2, "content_type": 34, "object_id": "39", "object_repr": "2021-02-27 - 2021-02-27 - Terminado", "action_flag": 3, "change_message": ""}}, {"model": "admin.logentry", "pk": 101, "fields": {"action_time": "2021-02-16T13:47:08.856Z", "user": 2, "content_type": 34, "object_id": "38", "object_repr": "2021-02-16 - 2021-02-16 - Terminado", "action_flag": 3, "change_message": ""}}, {"model": "admin.logentry", "pk": 102, "fields": {"action_time": "2021-02-16T13:47:08.865Z", "user": 2, "content_type": 34, "object_id": "37", "object_repr": "2021-02-13 - 2021-07-19 - Terminado", "action_flag": 3, "change_message": ""}}, {"model": "admin.logentry", "pk": 103, "fields": {"action_time": "2021-02-16T13:47:37.587Z", "user": 2, "content_type": 38, "object_id": "12", "object_repr": "detalles 12", "action_flag": 3, "change_message": ""}}, {"model": "admin.logentry", "pk": 104, "fields": {"action_time": "2021-02-16T13:47:37.598Z", "user": 2, "content_type": 38, "object_id": "11", "object_repr": "detalles 11", "action_flag": 3, "change_message": ""}}, {"model": "admin.logentry", "pk": 105, "fields": {"action_time": "2021-02-16T14:19:19.987Z", "user": 2, "content_type": 38, "object_id": "15", "object_repr": "detalles 15", "action_flag": 3, "change_message": ""}}, {"model": "admin.logentry", "pk": 106, "fields": {"action_time": "2021-02-16T14:19:19.998Z", "user": 2, "content_type": 38, "object_id": "14", "object_repr": "detalles 14", "action_flag": 3, "change_message": ""}}, {"model": "admin.logentry", "pk": 107, "fields": {"action_time": "2021-02-16T14:19:20.008Z", "user": 2, "content_type": 38, "object_id": "13", "object_repr": "detalles 13", "action_flag": 3, "change_message": ""}}, {"model": "admin.logentry", "pk": 108, "fields": {"action_time": "2021-02-16T14:21:23.750Z", "user": 2, "content_type": 27, "object_id": "3", "object_repr": "compra ", "action_flag": 3, "change_message": ""}}, {"model": "admin.logentry", "pk": 109, "fields": {"action_time": "2021-02-18T11:29:34.846Z", "user": 2, "content_type": 27, "object_id": "5", "object_repr": "compra 2021-02-16", "action_flag": 3, "change_message": ""}}, {"model": "admin.logentry", "pk": 110, "fields": {"action_time": "2021-02-18T11:29:34.881Z", "user": 2, "content_type": 27, "object_id": "4", "object_repr": "compra 2021-02-09", "action_flag": 3, "change_message": ""}}, {"model": "admin.logentry", "pk": 111, "fields": {"action_time": "2021-02-18T11:29:34.911Z", "user": 2, "content_type": 27, "object_id": "2", "object_repr": "compra 2021-02-05", "action_flag": 3, "change_message": ""}}, {"model": "admin.logentry", "pk": 112, "fields": {"action_time": "2021-02-18T11:29:34.940Z", "user": 2, "content_type": 27, "object_id": "1", "object_repr": "compra 2021-02-05", "action_flag": 3, "change_message": ""}}, {"model": "admin.logentry", "pk": 113, "fields": {"action_time": "2021-02-18T11:36:38.627Z", "user": 2, "content_type": 27, "object_id": "7", "object_repr": "compra None", "action_flag": 3, "change_message": ""}}, {"model": "admin.logentry", "pk": 114, "fields": {"action_time": "2021-02-18T11:37:53.157Z", "user": 2, "content_type": 33, "object_id": "15", "object_repr": "15-suculenta nena", "action_flag": 3, "change_message": ""}}, {"model": "admin.logentry", "pk": 115, "fields": {"action_time": "2021-02-18T11:37:53.167Z", "user": 2, "content_type": 33, "object_id": "14", "object_repr": "14-noseeeee", "action_flag": 3, "change_message": ""}}, {"model": "admin.logentry", "pk": 116, "fields": {"action_time": "2021-02-18T11:39:32.798Z", "user": 2, "content_type": 31, "object_id": "3", "object_repr": "Tunas", "action_flag": 2, "change_message": "[{\"changed\": {\"fields\": [\"Nombre categoria\"]}}]"}}, {"model": "admin.logentry", "pk": 117, "fields": {"action_time": "2021-02-18T12:22:04.782Z", "user": 2, "content_type": 34, "object_id": "42", "object_repr": "2021-02-16 - 2021-03-13 - Terminado", "action_flag": 3, "change_message": ""}}, {"model": "admin.logentry", "pk": 118, "fields": {"action_time": "2021-02-18T12:22:04.803Z", "user": 2, "content_type": 34, "object_id": "41", "object_repr": "2021-02-16 - None - En Proceso", "action_flag": 3, "change_message": ""}}, {"model": "admin.logentry", "pk": 119, "fields": {"action_time": "2021-02-18T12:22:04.819Z", "user": 2, "content_type": 34, "object_id": "40", "object_repr": "2021-02-16 - 2021-02-16 - Terminado", "action_flag": 3, "change_message": ""}}, {"model": "admin.logentry", "pk": 120, "fields": {"action_time": "2021-02-18T12:30:30.689Z", "user": 2, "content_type": 40, "object_id": "25", "object_repr": "detalles 25", "action_flag": 3, "change_message": ""}}, {"model": "admin.logentry", "pk": 121, "fields": {"action_time": "2021-02-18T12:30:30.700Z", "user": 2, "content_type": 40, "object_id": "24", "object_repr": "detalles 24", "action_flag": 3, "change_message": ""}}, {"model": "admin.logentry", "pk": 122, "fields": {"action_time": "2021-02-18T12:30:30.731Z", "user": 2, "content_type": 40, "object_id": "23", "object_repr": "detalles 23", "action_flag": 3, "change_message": ""}}, {"model": "admin.logentry", "pk": 123, "fields": {"action_time": "2021-02-18T12:30:30.759Z", "user": 2, "content_type": 40, "object_id": "22", "object_repr": "detalles 22", "action_flag": 3, "change_message": ""}}, {"model": "admin.logentry", "pk": 124, "fields": {"action_time": "2021-02-18T12:30:30.780Z", "user": 2, "content_type": 40, "object_id": "21", "object_repr": "detalles 21", "action_flag": 3, "change_message": ""}}, {"model": "admin.logentry", "pk": 125, "fields": {"action_time": "2021-02-18T12:30:30.796Z", "user": 2, "content_type": 40, "object_id": "20", "object_repr": "detalles 20", "action_flag": 3, "change_message": ""}}, {"model": "admin.logentry", "pk": 126, "fields": {"action_time": "2021-02-18T12:30:30.810Z", "user": 2, "content_type": 40, "object_id": "19", "object_repr": "detalles 19", "action_flag": 3, "change_message": ""}}, {"model": "admin.logentry", "pk": 127, "fields": {"action_time": "2021-02-18T12:30:30.827Z", "user": 2, "content_type": 40, "object_id": "18", "object_repr": "detalles 18", "action_flag": 3, "change_message": ""}}, {"model": "admin.logentry", "pk": 128, "fields": {"action_time": "2021-02-18T12:30:30.845Z", "user": 2, "content_type": 40, "object_id": "17", "object_repr": "detalles 17", "action_flag": 3, "change_message": ""}}, {"model": "admin.logentry", "pk": 129, "fields": {"action_time": "2021-02-18T12:30:30.863Z", "user": 2, "content_type": 40, "object_id": "16", "object_repr": "detalles 16", "action_flag": 3, "change_message": ""}}, {"model": "admin.logentry", "pk": 130, "fields": {"action_time": "2021-02-18T12:30:30.880Z", "user": 2, "content_type": 40, "object_id": "15", "object_repr": "detalles 15", "action_flag": 3, "change_message": ""}}, {"model": "admin.logentry", "pk": 131, "fields": {"action_time": "2021-02-18T12:30:30.896Z", "user": 2, "content_type": 40, "object_id": "14", "object_repr": "detalles 14", "action_flag": 3, "change_message": ""}}, {"model": "admin.logentry", "pk": 132, "fields": {"action_time": "2021-02-18T12:30:30.912Z", "user": 2, "content_type": 40, "object_id": "13", "object_repr": "detalles 13", "action_flag": 3, "change_message": ""}}, {"model": "admin.logentry", "pk": 133, "fields": {"action_time": "2021-02-18T12:30:30.929Z", "user": 2, "content_type": 40, "object_id": "12", "object_repr": "detalles 12", "action_flag": 3, "change_message": ""}}, {"model": "admin.logentry", "pk": 134, "fields": {"action_time": "2021-02-18T12:30:30.946Z", "user": 2, "content_type": 40, "object_id": "11", "object_repr": "detalles 11", "action_flag": 3, "change_message": ""}}, {"model": "admin.logentry", "pk": 135, "fields": {"action_time": "2021-02-18T12:30:30.962Z", "user": 2, "content_type": 40, "object_id": "10", "object_repr": "detalles 10", "action_flag": 3, "change_message": ""}}, {"model": "admin.logentry", "pk": 136, "fields": {"action_time": "2021-02-18T12:30:30.978Z", "user": 2, "content_type": 40, "object_id": "9", "object_repr": "detalles 9", "action_flag": 3, "change_message": ""}}, {"model": "admin.logentry", "pk": 137, "fields": {"action_time": "2021-02-18T12:30:30.996Z", "user": 2, "content_type": 40, "object_id": "8", "object_repr": "detalles 8", "action_flag": 3, "change_message": ""}}, {"model": "admin.logentry", "pk": 138, "fields": {"action_time": "2021-02-18T12:30:31.004Z", "user": 2, "content_type": 40, "object_id": "7", "object_repr": "detalles 7", "action_flag": 3, "change_message": ""}}, {"model": "admin.logentry", "pk": 139, "fields": {"action_time": "2021-02-18T12:30:31.011Z", "user": 2, "content_type": 40, "object_id": "6", "object_repr": "detalles 6", "action_flag": 3, "change_message": ""}}, {"model": "admin.logentry", "pk": 140, "fields": {"action_time": "2021-02-18T12:30:31.031Z", "user": 2, "content_type": 40, "object_id": "5", "object_repr": "detalles 5", "action_flag": 3, "change_message": ""}}, {"model": "admin.logentry", "pk": 141, "fields": {"action_time": "2021-02-18T12:30:31.048Z", "user": 2, "content_type": 40, "object_id": "4", "object_repr": "detalles 4", "action_flag": 3, "change_message": ""}}, {"model": "admin.logentry", "pk": 142, "fields": {"action_time": "2021-02-18T12:30:31.065Z", "user": 2, "content_type": 40, "object_id": "3", "object_repr": "detalles 3", "action_flag": 3, "change_message": ""}}, {"model": "admin.logentry", "pk": 143, "fields": {"action_time": "2021-02-18T12:30:31.081Z", "user": 2, "content_type": 40, "object_id": "2", "object_repr": "detalles 2", "action_flag": 3, "change_message": ""}}, {"model": "admin.logentry", "pk": 144, "fields": {"action_time": "2021-02-18T12:30:31.097Z", "user": 2, "content_type": 40, "object_id": "1", "object_repr": "detalles 1", "action_flag": 3, "change_message": ""}}, {"model": "admin.logentry", "pk": 145, "fields": {"action_time": "2021-02-18T23:29:29.281Z", "user": 2, "content_type": 24, "object_id": "2", "object_repr": "alvaro", "action_flag": 2, "change_message": "[{\"changed\": {\"fields\": [\"Username\"]}}]"}}]